{
  "type": "minecraft:decorated",
  "config": {
    "feature": {
      "config": {
        "feature": {
          "type": "minecraft:tree",
          "config": {
            "ignore_vines": true,
            "minimum_size": {
              "type": "minecraft:two_layers_feature_size",
              "limit": 2,
              "lower_size": 0,
              "upper_size": 2
            },
            "trunk_provider": {
              "type": "minecraft:simple_state_provider",
              "state": {
                "Name": "minecraft:oak_log",
                "Properties": {
                  "axis": "y"
                }
              }
            },
            "trunk_placer": {
              "type": "minecraft:fancy_trunk_placer",
              "base_height": 5,
              "height_rand_a": 0,
              "height_rand_b": 0
            },
    "foliage_placer": {
      "type": "minecraft:fancy_foliage_placer",
      "radius": 2,
      "offset": 3,
      "height": 3
    },
            "decorators": [],
            "foliage_provider": {
              "type": "minecraft:simple_state_provider",
              "state": {
                "Name": "minecraft:oak_leaves",
                "Properties": {
                  "persistent": "false",
                  "distance": "7"
                }
              }
            },
            "force_dirt": false,
            "sapling_provider": {
                      "type": "minecraft:simple_state_provider",
                      "state": {
                        "Name": "minecraft:oak_sapling",
                        "Properties": {
                          "stage": "0"
                        }
                      }
                    },"dirt_provider": {
              "state": {
                "Name": "minecraft:dirt"
              },
              "type": "minecraft:simple_state_provider"
            }
          }
        },
        "decorator": {
          "config": {
            "max_water_depth": 0
          },
          "type": "minecraft:water_depth_threshold"
        }
      },
      "type": "minecraft:decorated"
    },
    "decorator": {
      "config": {
        "heightmap": "WORLD_SURFACE"
      },
      "type": "minecraft:heightmap"
    }
  }
}