{
  "type": "minecraft:decorated",
  "config": {
    "decorator": {
      "type": "minecraft:count_extra",
      "config": {
        "count": 128,
        "extra_count": 0,
        "extra_chance": 1
      }
    },
    "feature": {
      "type": "minecraft:decorated",
      "config": {
        "decorator": {
          "type": "minecraft:decorated",
          "config": {
            "outer": {
              "type": "minecraft:decorated",
              "config": {
                "outer": {
                  "type": "minecraft:square",
                  "config": {}
                },
                "inner": {
                  "type": "minecraft:count_noise_biased",
                  "config": {
                    "noise_to_count_ratio": 1,
                    "noise_factor": 175,
                    "noise_offset": 1
                  }
                }
              }
            },
            "inner": {
              "type": "minecraft:heightmap",
              "config": {
                "heightmap": "OCEAN_FLOOR_WG"
              }
            }
          }
        },
        "feature": {
          "type": "minecraft:disk",
          "config": {
            "state": {
              "Name": "minecraft:blackstone"
            },
            "radius": {
              "type": "minecraft:uniform",
              "value": {
                "min_inclusive": 4,
                "max_inclusive": 8
              }
            },
            "half_height": 4,
            "targets": [
              {
                "Name": "minecraft:gravel"
              },
              {
                "Name": "minecraft:sand"
              },
              {
                "Name": "minecraft:dirt"
              },
              {
                "Name": "minecraft:grass_block",
                "Properties": {
                  "snowy": "false"
                }
              }
            ]
          }
        }
      }
    }
  }
}