{
  "config": {
    "feature": {
      "config": {
        "feature": {
          "config": {
            "ignore_vines": true,
            "minimum_size": {
              "limit": 2,
              "lower_size": 0,
              "upper_size": 2,
              "type": "minecraft:two_layers_feature_size"
            },
            "decorators": [
              {
                "type": "minecraft:beehive",
                "probability": 0.003
              }
            ],
            "trunk_provider": {
              "state": {
                "Properties": {
                  "axis": "y"
                },
                "Name": "minecraft:birch_log"
              },
              "type": "minecraft:simple_state_provider"
            },
            "foliage_placer": {
              "radius": 3,
              "offset": 4,
              "height": 4,
              "type": "minecraft:fancy_foliage_placer"
            },
            "trunk_placer": {
              "base_height": 7,
              "height_rand_a": 4,
              "height_rand_b": 2,
              "type": "minecraft:fancy_trunk_placer"
            },
            "foliage_provider": {
              "state": {
                "Properties": {
                  "persistent": "false",
                  "distance": "7"
                },
                "Name": "minecraft:birch_leaves"
              },
              "type": "minecraft:simple_state_provider"
            },
            "force_dirt": false,
            "sapling_provider": {
                      "type": "minecraft:simple_state_provider",
                      "state": {
                        "Name": "minecraft:oak_sapling",
                        "Properties": {
                          "stage": "0"
                        }
                      }
                    },"dirt_provider": {
              "state": {
                "Name": "minecraft:dirt"
              },
              "type": "minecraft:simple_state_provider"
            }
          },
          "type": "minecraft:tree"
        },
        "decorator": {
          "config": {
            "max_water_depth": 0
          },
          "type": "minecraft:water_depth_threshold"
        }
      },
      "type": "minecraft:decorated"
    },
    "decorator": {
      "config": {
        "heightmap": "WORLD_SURFACE"
      },
      "type": "minecraft:heightmap"
    }
  },
  "type": "minecraft:decorated"
}