{
  "type": "minecraft:decorated",
  "config": {
    "decorator": {
      "type": "minecraft:count_extra",
      "config": {
        "count": 12,
        "extra_count": 1,
        "extra_chance": 0.1
      }
    },
    "feature": {
      "type": "minecraft:decorated",
      "config": {
        "decorator": {
          "type": "minecraft:square",
          "config": {}
        },
        "feature": {
          "type": "minecraft:decorated",
          "config": {
            "decorator": {
              "type": "minecraft:heightmap",
              "config": {
                "heightmap": "WORLD_SURFACE"
              }
            },
            "feature": {
              "type": "minecraft:decorated",
              "config": {
                "decorator": {
                  "type": "minecraft:count_noise_biased",
                  "config": {
                    "noise_to_count_ratio": 1,
                    "noise_factor": 215,
                    "noise_offset": 1
                  }
                },
                "feature": {
                  "type": "minecraft:decorated",
                  "config": {
                    "decorator": {
                      "type": "minecraft:count_noise_biased",
                      "config": {
                        "noise_to_count_ratio": -1,
                        "noise_factor": 215,
                        "noise_offset": 0.5
                      }
                    },
                    "feature": {
                      "type": "minecraft:random_selector",
                      "config": {
                        "features": [
                          {
                            "chance": 0.2,
                            "feature": "terralith:forest/flower/tall/birch_tall"
                          },
                          {
                            "chance": 0.4,
                            "feature": "terralith:forest/flower/tall/oak_tall_m"
                          }
                        ],
                        "default": "terralith:forest/flower/tall/oak_tall"
                      }
                    }
                  }
                }
              }
            }
          }
        }
      }
    }
  }
}