{
  "type": "minecraft:decorated",
  "config": {
    "decorator": {
      "type": "minecraft:count",
      "config": {
        "count": 4
      }
    },
    "feature": {
      "type": "minecraft:decorated",
      "config": {
        "decorator": {
          "type": "minecraft:square",
          "config": {}
        },
        "feature": {
          "type": "minecraft:decorated",
          "config": {
            "decorator": {
              "type": "minecraft:count",
              "config": {
                "count": {
                  "type": "minecraft:uniform",
                  "value": {
                    "min_inclusive": 1,
                    "max_inclusive": 1
                  }
                }
              }
            },
            "feature": {
              "type": "minecraft:decorated",
              "config": {
                "decorator": {
                  "type": "minecraft:range",
                  "config": {
                    "height": {
                      "type": "minecraft:uniform",
                      "min_inclusive": {
                        "absolute": 60
                      },
                      "max_inclusive": {
                        "absolute": 110
                      }
                    }
                  }
                },
                "feature": {
                  "type": "minecraft:geode",
                  "config": {
                    "blocks": {
                      "filling_provider": {
                        "type": "minecraft:weighted_state_provider",
                        "entries": [
                          {
                            "weight": 2,
                            "data": {
                              "Name": "minecraft:calcite"
                            }
                          },
                          {
                            "weight": 1,
                            "data": {
                              "Name": "minecraft:calcite"
                            }
                          }
                        ]
                      },
                      "inner_layer_provider": {
                        "type": "minecraft:weighted_state_provider",
                        "entries": [
                          {
                            "weight": 2,
                            "data": {
                              "Name": "minecraft:calcite"
                            }
                          },
                          {
                            "weight": 1,
                            "data": {
                              "Name": "minecraft:calcite"
                            }
                          }
                        ]
                      },
                      "alternate_inner_layer_provider": {
                        "type": "minecraft:weighted_state_provider",
                        "entries": [
                          {
                            "weight": 2,
                            "data": {
                              "Name": "minecraft:calcite"
                            }
                          },
                          {
                            "weight": 1,
                            "data": {
                              "Name": "minecraft:calcite"
                            }
                          }
                        ]
                      },
                      "middle_layer_provider": {
                        "type": "minecraft:weighted_state_provider",
                        "entries": [
                          {
                            "weight": 2,
                            "data": {
                              "Name": "minecraft:calcite"
                            }
                          },
                          {
                            "weight": 1,
                            "data": {
                              "Name": "minecraft:calcite"
                            }
                          }
                        ]
                      },
                      "outer_layer_provider": {
                        "type": "minecraft:weighted_state_provider",
                        "entries": [
                          {
                            "weight": 2,
                            "data": {
                              "Name": "minecraft:calcite"
                            }
                          },
                          {
                            "weight": 1,
                            "data": {
                              "Name": "minecraft:calcite"
                            }
                          }
                        ]
                      },
                      "inner_placements": [
                        {
                          "Name": "minecraft:diorite"
                        }
                      ],
                      "cannot_replace": "minecraft:features_cannot_replace",
                      "invalid_blocks": "terralith:all_but_dirt"
                    },
                    "layers": {
                      "filling": 0.5,
                      "inner_layer": 1,
                      "middle_layer": 1.5,
                      "outer_layer": 2
                    },
                    "crack": {
                      "generate_crack_chance": 0,
                      "base_crack_size": 0,
                      "crack_point_offset": 0
                    },
                    "noise_multiplier": 0.06,
                    "use_potential_placements_chance": 0,
                    "use_alternate_layer0_chance": 0,
                    "placements_require_layer0_alternate": false,
                    "outer_wall_distance": {
                      "type": "minecraft:uniform",
                      "value": {
                        "min_inclusive": 3,
                        "max_inclusive": 6
                      }
                    },
                    "distribution_points": {
                      "type": "minecraft:uniform",
                      "value": {
                        "min_inclusive": 2,
                        "max_inclusive": 3
                      }
                    },
                    "point_offset": {
                      "type": "minecraft:uniform",
                      "value": {
                        "min_inclusive": 1,
                        "max_inclusive": 5
                      }
                    },
                    "min_gen_offset": -12,
                    "max_gen_offset": 12,
                    "invalid_blocks_threshold": 0
                  }
                }
              }
            }
          }
        }
      }
    }
  }
}
