{
  "type": "minecraft:decorated",
  "config": {
    "decorator": {
      "type": "minecraft:heightmap",
      "config": {
        "heightmap": "WORLD_SURFACE"
      }
    },
    "feature": {
      "type": "minecraft:decorated",
      "config": {
        "decorator": {
          "type": "minecraft:water_depth_threshold",
          "config": {
            "max_water_depth": 0
          }
        },
        "feature": {
          "type": "minecraft:tree",
          "config": {
            "ignore_vines": true,
            "force_dirt": false,
            "minimum_size": {
              "type": "minecraft:two_layers_feature_size",
              "limit": 2,
              "lower_size": 0,
              "upper_size": 2
            },
            "dirt_provider": {
              "type": "minecraft:simple_state_provider",
              "state": {
                "Name": "minecraft:dirt"
              }
            },
            "sapling_provider": {
              "type": "minecraft:simple_state_provider",
              "state": {
                "Name": "minecraft:oak_sapling",
                "Properties": {
                  "stage": "0"
                }
              }
            },
            "trunk_provider": {
              "type": "minecraft:simple_state_provider",
              "state": {
                "Name": "minecraft:oak_log",
                "Properties": {
                  "axis": "y"
                }
              }
            },
            "foliage_provider": {
              "type": "minecraft:simple_state_provider",
              "state": {
                "Name": "minecraft:oak_leaves",
                "Properties": {
                  "persistent": "false",
                  "distance": "7"
                }
              }
            },
            "trunk_placer": {
              "type": "minecraft:fancy_trunk_placer",
              "base_height": 12,
              "height_rand_a": 4,
              "height_rand_b": 3
            },
            "foliage_placer": {
              "type": "minecraft:fancy_foliage_placer",
              "radius": 3,
              "offset": 4,
              "height": 4
            },
            "decorators": [
              {
                "type": "minecraft:beehive",
                "probability": 0.01
              }
            ]
          }
        }
      }
    }
  }
}
