{
  "type": "minecraft:decorated",
  "config": {
    "decorator": {
      "type": "minecraft:count_extra",
      "config": {
        "count": 128,
        "extra_count": 5000,
        "extra_chance": 1
      }
    },
    "feature": {
      "type": "minecraft:decorated",
      "config": {
        "decorator": {
          "type": "minecraft:square",
          "config": {}
        },
        "feature": {
          "type": "minecraft:decorated",
          "config": {
            "decorator": {
              "type": "minecraft:count_noise_biased",
              "config": {
                "noise_to_count_ratio": 1,
                "noise_factor": 30,
                "noise_offset": 0
              }
            },
            "feature": {
              "type": "minecraft:decorated",
              "config": {
                "decorator": {
                  "type": "minecraft:heightmap",
                  "config": {
                    "heightmap": "WORLD_SURFACE_WG"
                  }
                },
                "feature": {
                  "type": "minecraft:netherrack_replace_blobs",
                  "config": {
                    "state": {
                      "Name": "minecraft:glowstone"
                    },
                    "target": {
                      "Name": "minecraft:stone"
                    },
                    "radius": 0
                  }
                }
              }
            }
          }
        }
      }
    }
  }
}