{
  "type": "minecraft:decorated",
  "config": {
    "decorator": {
      "type": "minecraft:count_extra",
      "config": {
        "count": 128,
        "extra_count": 256,
        "extra_chance": 1
      }
    },
    "feature": {
      "type": "minecraft:decorated",
      "config": {
        "decorator": {
          "type": "minecraft:square",
          "config": {}
        },
        "feature": {
          "type": "minecraft:decorated",
          "config": {
            "decorator": {
              "type": "minecraft:nope",
              "config": {}
            },
            "feature": {
              "type": "minecraft:decorated",
              "config": {
                "decorator": {
                  "type": "minecraft:count_noise_biased",
                  "config": {
                    "noise_to_count_ratio": 10,
                    "noise_factor": 155.1,
                    "noise_offset": 0.1
                  }
                },
                "feature": {
                  "type": "minecraft:decorated",
                  "config": {
                    "decorator": {
                      "type": "minecraft:count_noise_biased",
                      "config": {
                        "noise_to_count_ratio": -1,
                        "noise_factor": 155.1,
                        "noise_offset": -0.1
                      }
                    },
                    "feature": {
                      "type": "minecraft:decorated",
                      "config": {
                        "decorator": {
                          "type": "minecraft:heightmap",
                          "config": {
                            "heightmap": "MOTION_BLOCKING"
                          }
                        },
                        "feature": {
                          "type": "minecraft:netherrack_replace_blobs",
                          "config": {
                            "state": {
                              "Name": "minecraft:stone"
                            },
                            "target": {
                              "Name": "minecraft:air"
                            },
                            "radius": 0
                          }
                        }
                      }
                    }
                  }
                }
              }
            }
          }
        }
      }
    }
  }
}