{
  "type": "minecraft:decorated",
  "config": {
    "decorator": {
      "type": "minecraft:count_extra",
      "config": {
        "count": 100,
        "extra_count": 0,
        "extra_chance": 0
      }
    },
    "feature": {
      "type": "minecraft:decorated",
      "config": {
        "decorator": {
          "type": "minecraft:square",
          "config": {}
        },
        "feature": {
          "type": "minecraft:decorated",
          "config": {
            "decorator": {
              "type": "minecraft:count_noise_biased",
              "config": {
                "noise_to_count_ratio": 1,
                "noise_factor": 60,
                "noise_offset": -0.5
              }
            },
            "feature": {
              "type": "minecraft:decorated",
              "config": {
                "decorator": {
                  "type": "minecraft:range",
                  "config": {
                    "height": {
                      "type": "minecraft:uniform",
                      "min_inclusive": {
                        "absolute": 94
                      },
                      "max_inclusive": {
                        "absolute": 94
                      }
                    }
                  }
                },
                "feature": {
                  "type": "minecraft:decorated",
                  "config": {
                    "decorator": {
                      "type": "minecraft:cave_surface",
                      "config": {
                        "surface": "floor",
                        "floor_to_ceiling_search_range": 30
                      }
                    },
                    "feature": {
                      "type": "minecraft:vegetation_patch",
                      "config": {
                        "surface": "floor",
                        "depth": 1,
                        "vertical_range": 5,
                        "extra_bottom_block_chance": 0,
                        "extra_edge_column_chance": 0.5,
                        "vegetation_chance": 0.005,
                        "xz_radius": {
                          "type": "minecraft:uniform",
                          "value": {
                            "min_inclusive": 2,
                            "max_inclusive": 7
                          }
                        },
                        "replaceable": "terralith:terracotta",
                        "ground_state": {
                          "type": "minecraft:simple_state_provider",
                          "state": {
                            "Name": "minecraft:grass_block","Properties":{"snowy":"false"}
                          }
                        },
                        "vegetation_feature": {
                          "type": "minecraft:simple_block",
                          "config": {
                            "to_place": {
                              "type": "minecraft:simple_state_provider",
                              "state": {
                                "Name": "minecraft:dead_bush"
                              }
                            },
                            "place_on": [],
                            "place_in": [],
                            "place_under": []
                          }
                        }
                      }
                    }
                  }
                }
              }
            }
          }
        }
      }
    }
  }
}
