{
  "type": "minecraft:decorated",
  "config": {
    "decorator": {
      "type": "minecraft:count_extra",
      "config": {
        "count": 128,
        "extra_count": 3000,
        "extra_chance": 1
      }
    },
    "feature": {
      "type": "minecraft:decorated",
      "config": {
        "decorator": {
          "type": "minecraft:decorated",
          "config": {
            "outer": {
              "type": "minecraft:decorated",
              "config": {
                "inner": {
                  "config": {
                    "inner": {
                      "config": {
                        "inner": {
                          "config": {
                            "height": {
                              "min_inclusive": {
                                "absolute": 55
                              },
                              "max_inclusive": {
                                "absolute": 70
                              },
                              "type": "minecraft:uniform"
                            }
                          },
                          "type": "minecraft:range"
                        },
                        "outer": {
                          "config": {},
                          "type": "minecraft:square"
                        }
                      },
                      "type": "minecraft:decorated"
                    },
                    "outer": {
                      "config": {
                        "count": 1,
                        "extra_chance": 0.25,
                        "extra_count": 1
                      },
                      "type": "minecraft:count_extra"
                    }
                  },
                  "type": "minecraft:decorated"
                },
                "outer": {
                  "config": {
                    "chance": 14
                  },
                  "type": "minecraft:chance"
                }
              }
            },
            "inner": {
              "type": "minecraft:count_noise_biased",
              "config": {
                "noise_to_count_ratio": 1,
                "noise_factor": 300,
                "noise_offset": 0
              }
            }
          }
        },
        "feature": {
          "type": "minecraft:decorated",
          "config": {
            "decorator": {
              "type": "minecraft:nope",
              "config": {}
            },
            "feature": {
              "type": "minecraft:netherrack_replace_blobs",
              "config": {
                "state": {
                  "Name": "minecraft:red_terracotta"
                },
                "target": {
                  "Name": "minecraft:air"
                },
                "radius": {
                  "type": "minecraft:uniform",
                  "value": {
                    "min_inclusive": 0,
                    "max_inclusive": 3
                  }
                }
              }
            }
          }
        }
      }
    }
  }
}