{
  "type": "minecraft:decorated",
  "config": {
    "decorator": {
      "type": "minecraft:count_extra",
      "config": {
        "count": 128,
        "extra_count": 6000,
        "extra_chance": 1
      }
    },
    "feature": {
      "type": "minecraft:decorated",
      "config": {
        "decorator": {
          "type": "minecraft:square",
          "config": {}
        },
        "feature": {
          "type": "minecraft:decorated",
          "config": {
            "decorator": {
              "type": "minecraft:count_noise_biased",
              "config": {
                "noise_to_count_ratio": 1,
                "noise_factor": 501.4,
                "noise_offset": 0
              }
            },
            "feature": {
              "type": "minecraft:decorated",
              "config": {
                "decorator": {
                  "type": "minecraft:count_noise_biased",
                  "config": {
                    "noise_to_count_ratio": 1,
                    "noise_factor": 155.1,
                    "noise_offset": 0.05
                  }
                },
                "feature": {
                  "type": "minecraft:decorated",
                  "config": {
                    "decorator": {
                      "type": "minecraft:count_noise_biased",
                      "config": {
                        "noise_to_count_ratio": -1,
                        "noise_factor": 155.1,
                        "noise_offset": -0.05
                      }
                    },
                    "feature": {
                      "type": "minecraft:decorated",
                      "config": {
                        "decorator": {
                          "type": "minecraft:range",
                          "config": {
                            "height": {
                              "type": "minecraft:trapezoid",
                              "min_inclusive": {
                                "absolute": 29
                              },
                              "max_inclusive": {
                                "absolute": 99
                              }
                            }
                          }
                        },
                        "feature": {
                          "type": "minecraft:ore",
                          "config": {
                            "size": 25,
                            "targets": [
                              {
                                "target": {
                                  "tag": "terralith:opaque",
                                  "predicate_type": "minecraft:tag_match"
                                },
                                "state": {
                                  "Name": "minecraft:air"
                                }
                              }
                            ],
                            "discard_chance_on_air_exposure": 0.0
                          }
                        }
                      }
                    }
                  }
                }
              }
            }
          }
        }
      }
    }
  }
}