{
  "type": "minecraft:decorated",
  "config": {
    "decorator": {
      "type": "minecraft:count",
      "config": {
        "count": 128
      }
    },
    "feature": {
      "type": "minecraft:decorated",
      "config": {
        "decorator": {
          "type": "minecraft:decorated",
          "config": {
            "outer": {
              "type": "minecraft:square",
              "config": {}
            },
            "inner": {
              "type": "minecraft:heightmap",
              "config": {
                "heightmap": "MOTION_BLOCKING"
              }
            }
          }
        },
        "feature": {
          "type": "minecraft:decorated",
          "config": {
            "decorator": {
              "type": "minecraft:count_noise_biased",
              "config": {
                "noise_to_count_ratio": -10,
                "noise_factor": 215,
                "noise_offset": -0.25
              }
            },
            "feature": {
              "type": "minecraft:decorated",
              "config": {
                "decorator": {
                  "type": "minecraft:chance",
                  "config": {
                    "chance": 275
                  }
                },
                "feature": {
                  "type": "minecraft:decorated",
                  "config": {
                    "feature": {
                      "config": {
                        "feature": {
                          "type": "minecraft:tree",
                          "config": {
                            "ignore_vines": false,
                            "minimum_size": {
                              "type": "minecraft:two_layers_feature_size",
                              "min_clipped_height": 1,
                              "limit": 1,
                              "lower_size": 1,
                              "upper_size": 2
                            },
                            "trunk_provider": {
                              "type": "minecraft:simple_state_provider",
                              "state": {
                                "Name": "minecraft:spruce_fence",
                                "Properties": {
                                  "north": "false",
                                  "east": "false",
                                  "south": "false",
                                  "west": "false",
                                  "waterlogged": "false"
                                }
                              }
                            },
                            "trunk_placer": {
                              "type": "minecraft:straight_trunk_placer",
                              "base_height": 1,
                              "height_rand_a": 1,
                              "height_rand_b": 1
                            },
                            "foliage_placer": {
                              "type": "minecraft:fancy_foliage_placer",
                              "radius": {
                                "type": "minecraft:uniform",
                                "value": {
                                  "min_inclusive": 0,
                                  "max_inclusive": 1
                                }
                              },
                              "offset": 1,
                              "height": 2
                            },
                            "decorators": [],
                            "foliage_provider": {
                              "type": "minecraft:simple_state_provider",
                              "state": {
                                "Name": "minecraft:spruce_leaves",
                                "Properties": {
                                  "distance": "7",
                                  "persistent": "true"
                                }
                              }
                            },
                            "force_dirt": false,
                            "sapling_provider": {
                      "type": "minecraft:simple_state_provider",
                      "state": {
                        "Name": "minecraft:oak_sapling",
                        "Properties": {
                          "stage": "0"
                        }
                      }
                    },"dirt_provider": {
                              "state": {
                                "Name": "minecraft:dirt"
                              },
                              "type": "minecraft:simple_state_provider"
                            }
                          }
                        },
                        "decorator": {
                          "config": {
                            "max_water_depth": 0
                          },
                          "type": "minecraft:water_depth_threshold"
                        }
                      },
                      "type": "minecraft:decorated"
                    },
                    "decorator": {
                      "config": {
                        "heightmap": "WORLD_SURFACE_WG"
                      },
                      "type": "minecraft:heightmap"
                    }
                  }
                }
              }
            }
          }
        }
      }
    }
  }
}