{
  "type": "minecraft:decorated",
  "config": {
    "decorator": {
      "type": "minecraft:count_extra",
      "config": {
        "count": 2000,
        "extra_count": 0,
        "extra_chance": 0
      }
    },
    "feature": {
      "type": "minecraft:decorated",
      "config": {
        "decorator": {
          "type": "minecraft:decorated",
          "config": {
            "outer": {
              "type": "minecraft:square",
              "config": {}
            },
            "inner": {
              "type": "minecraft:square",
              "config": {}
            }
          }
        },
        "feature": {
          "type": "minecraft:decorated",
          "config": {
            "decorator": {
              "type": "minecraft:heightmap",
              "config": {
                "heightmap": "WORLD_SURFACE_WG"
              }
            },
            "feature": {
              "type": "minecraft:decorated",
              "config": {
                "decorator": {
                  "type": "minecraft:decorated",
                  "config": {
                    "outer": {
                      "type": "minecraft:decorated",
                      "config": {
                        "outer": {
                          "type": "minecraft:count_noise_biased",
                          "config": {
                            "noise_to_count_ratio": 5,
                            "noise_factor": 85,
                            "noise_offset": -0.475
                          }
                        },
                        "inner": {
                          "type": "minecraft:count_noise_biased",
                          "config": {
                            "noise_to_count_ratio": 6,
                            "noise_factor": 85,
                            "noise_offset": -0.475
                          }
                        }
                      }
                    },
                    "inner": {
                      "type": "minecraft:count_noise_biased",
                      "config": {
                        "noise_to_count_ratio": 12,
                        "noise_factor": 85,
                        "noise_offset": -0.575
                      }
                    }
                  }
                },
                "feature": {
                  "type": "minecraft:random_selector",
                  "config": {
                    "features": [
                      {
                        "chance": 0.005,
                        "feature": {
                          "type": "minecraft:netherrack_replace_blobs",
                          "config": {
                            "state": {
                              "Name": "minecraft:gravel"
                            },
                            "target": {
                              "Name": "minecraft:grass_block",
                              "Properties": {
                                "snowy": "false"
                              }
                            },
                            "radius": 0
                          }
                        }
                      },
                      {
                        "chance": 0.01,
                        "feature": {
                          "type": "minecraft:netherrack_replace_blobs",
                          "config": {
                            "state": {
                              "Name": "minecraft:gravel"
                            },
                            "target": {
                              "Name": "minecraft:dirt"
                            },
                            "radius": 0
                          }
                        }
                      }
                    ],
                    "default": {
                      "type": "minecraft:no_op",
                      "config": {}
                    }
                  }
                }
              }
            }
          }
        }
      }
    }
  }
}