{
  "type": "minecraft:decorated",
  "config": {
    "decorator": {
      "type": "minecraft:count_extra",
      "config": {
        "count": 2000,
        "extra_count": 0,
        "extra_chance": 0
      }
    },
    "feature": {
      "type": "minecraft:decorated",
      "config": {
        "decorator": {
          "type": "minecraft:square",
          "config": {}
        },
        "feature": {
          "type": "minecraft:decorated",
          "config": {
            "decorator": {
              "type": "minecraft:heightmap",
              "config": {
                "heightmap": "MOTION_BLOCKING"
              }
            },
            "feature": {
              "type": "minecraft:decorated",
              "config": {
                "decorator": {
                  "type": "minecraft:decorated",
                  "config": {
                    "outer": {
                      "type": "minecraft:decorated",
                      "config": {
                        "outer": {
                          "type": "minecraft:count_noise_biased",
                          "config": {
                            "noise_to_count_ratio": 5,
                            "noise_factor": 95,
                            "noise_offset": -0.1
                          }
                        },
                        "inner": {
                          "type": "minecraft:count_noise_biased",
                          "config": {
                            "noise_to_count_ratio": 6,
                            "noise_factor": 95,
                            "noise_offset": -0.15
                          }
                        }
                      }
                    },
                    "inner": {
                      "type": "minecraft:count_noise_biased",
                      "config": {
                        "noise_to_count_ratio": 7,
                        "noise_factor": 95,
                        "noise_offset": -0.2
                      }
                    }
                  }
                },
                "feature": {
                  "type": "minecraft:random_selector",
                  "config": {
                    "features": [
                      {
                        "chance": 0.005,
                        "feature": {
                          "type": "minecraft:simple_block",
                          "config": {
                            "to_place": {
                              "state": {
                                "Name": "minecraft:snow",
                                "Properties": {
                                  "layers": "1"
                                }
                              },
                              "type": "minecraft:simple_state_provider"
                            },
                            "place_on": [
                              {
                                "Name": "minecraft:grass_block",
                                "Properties": {
                                  "snowy": "false"
                                }
                              },
                              {
                                "Name": "minecraft:spruce_leaves",
                                "Properties": {
                                  "distance": "7",
                                  "persistent": "false"
                                }
                              },
                              {
                                "Name": "minecraft:spruce_leaves",
                                "Properties": {
                                  "distance": "6",
                                  "persistent": "false"
                                }
                              },
                              {
                                "Name": "minecraft:spruce_leaves",
                                "Properties": {
                                  "distance": "5",
                                  "persistent": "false"
                                }
                              },
                              {
                                "Name": "minecraft:spruce_leaves",
                                "Properties": {
                                  "distance": "4",
                                  "persistent": "false"
                                }
                              },
                              {
                                "Name": "minecraft:spruce_leaves",
                                "Properties": {
                                  "distance": "3",
                                  "persistent": "false"
                                }
                              },
                              {
                                "Name": "minecraft:spruce_leaves",
                                "Properties": {
                                  "distance": "2",
                                  "persistent": "false"
                                }
                              },
                              {
                                "Name": "minecraft:spruce_leaves",
                                "Properties": {
                                  "distance": "1",
                                  "persistent": "false"
                                }
                              }
                            ],
                            "place_in": [
                              {
                                "Name": "minecraft:air"
                              }
                            ],
                            "place_under": [
                              {
                                "Name": "minecraft:air"
                              }
                            ]
                          }
                        }
                      }
                    ],
                    "default": {
                      "type": "minecraft:no_op",
                      "config": {}
                    }
                  }
                }
              }
            }
          }
        }
      }
    }
  }
}