{
  "type": "minecraft:decorated",
  "config": {
    "decorator": {
      "type": "minecraft:chance",
      "config": {
        "chance": 50
      }
    },
    "feature": {
      "type": "minecraft:decorated",
      "config": {
        "decorator": {
          "type": "minecraft:square",
          "config": {}
        },
        "feature": {
          "type": "minecraft:decorated",
          "config": {
            "decorator": {
              "type": "minecraft:count",
              "config": {
                "count": {
                  "type": "minecraft:uniform",
                  "value": {
                    "min_inclusive": 10,
                    "max_inclusive": 14
                  }
                }
              }
            },
            "feature": {
              "type": "minecraft:decorated",
              "config": {
                "decorator": {
                  "type": "minecraft:heightmap",
                  "config": {
                    "heightmap": "OCEAN_FLOOR_WG"
                  }
                },
                "feature": {
                  "type": "minecraft:random_selector",
                  "config": {
                    "features": [
                      {
                        "chance": 0.4,
                        "feature": {
                          "type": "minecraft:geode",
                          "config": {
                            "blocks": {
                              "cannot_replace": "minecraft:features_cannot_replace",
                  
                  "invalid_blocks": "minecraft:geode_invalid_blocks",
                  "filling_provider": {
                                "type": "minecraft:weighted_state_provider",
                                "entries": [
                                  {
                                    "weight": 2,
                                    "data": {
                                      "Name": "minecraft:mossy_cobblestone"
                                    }
                                  },
                                  {
                                    "weight": 1,
                                    "data": {
                                      "Name": "minecraft:cobblestone"
                                    }
                                  }
                                ]
                              },
                              "inner_layer_provider": {
                                "type": "minecraft:weighted_state_provider",
                                "entries": [
                                  {
                                    "weight": 2,
                                    "data": {
                                      "Name": "minecraft:mossy_cobblestone"
                                    }
                                  },
                                  {
                                    "weight": 1,
                                    "data": {
                                      "Name": "minecraft:cobblestone"
                                    }
                                  }
                                ]
                              },
                              "alternate_inner_layer_provider": {
                                "type": "minecraft:weighted_state_provider",
                                "entries": [
                                  {
                                    "weight": 2,
                                    "data": {
                                      "Name": "minecraft:mossy_cobblestone"
                                    }
                                  },
                                  {
                                    "weight": 1,
                                    "data": {
                                      "Name": "minecraft:cobblestone"
                                    }
                                  }
                                ]
                              },
                              "middle_layer_provider": {
                                "type": "minecraft:weighted_state_provider",
                                "entries": [
                                  {
                                    "weight": 2,
                                    "data": {
                                      "Name": "minecraft:mossy_cobblestone"
                                    }
                                  },
                                  {
                                    "weight": 1,
                                    "data": {
                                      "Name": "minecraft:cobblestone"
                                    }
                                  }
                                ]
                              },
                              "outer_layer_provider": {
                                "type": "minecraft:weighted_state_provider",
                                "entries": [
                                  {
                                    "weight": 2,
                                    "data": {
                                      "Name": "minecraft:mossy_cobblestone"
                                    }
                                  },
                                  {
                                    "weight": 1,
                                    "data": {
                                      "Name": "minecraft:cobblestone"
                                    }
                                  }
                                ]
                              },
                              "inner_placements": [
                                {
                                  "Name": "minecraft:andesite"
                                }
                              ]
                            },
                            "layers": {
                              "filling": 0.3,
                              "inner_layer": 0.7,
                              "middle_layer": 1,
                              "outer_layer": 1.3
                            },
                        
                  "crack": {
                              "generate_crack_chance": 0,
                              "base_crack_size": 0,
                              "crack_point_offset": 0
                            },
                            "noise_multiplier": 0.015,
                            "use_potential_placements_chance": 0,
                            "use_alternate_layer0_chance": 0,
                            "placements_require_layer0_alternate": false,
                            "outer_wall_distance": {
                              "type": "minecraft:uniform",
                              "value": {
                                "min_inclusive": 1,
                                "max_inclusive": 5
                              }
                            },
                            "distribution_points": {
                              "type": "minecraft:uniform",
                              "value": {
                                "min_inclusive": 1,
                                "max_inclusive": 3
                              }
                            },
                            "point_offset": {
                              "type": "minecraft:uniform",
                              "value": {
                                "min_inclusive": 1,
                                "max_inclusive": 2
                              }
                            },
                            "min_gen_offset": -9,
                            "max_gen_offset": 9,
                            "invalid_blocks_threshold": 5
                          }
                        }
                      }
                    ],
                    "default": {
                      "type": "minecraft:block_pile",
                      "config": {
                        "state_provider": {
                          "type": "minecraft:weighted_state_provider",
                          "entries": [
                            {
                              "weight": 2,
                              "data": {
                                "Name": "minecraft:mossy_cobblestone"
                              }
                            },
                            {
                              "weight": 1,
                              "data": {
                                "Name": "minecraft:cobblestone"
                              }
                            }
                          ]
                        }
                      }
                    }
                  }
                }
              }
            }
          }
        }
      }
    }
  }
}