{
  "type": "minecraft:cave",
  "config": {
    "probability": 0.031,
    "y": {
      "type": "minecraft:uniform",
      "min_inclusive": {
        "above_bottom": 80
      },
      "max_inclusive": {
        "absolute": 81
      }
    },
    "yScale": {
      "type": "minecraft:uniform",
      "value": {
        "min_inclusive": 0.1,
        "max_exclusive": 1.5
      }
    },
    "lava_level": {
      "above_bottom": 8
    },
    "aquifers_enabled": false,
    "debug_settings": {
      "air_state": {
        "Name": "minecraft:crimson_button",
        "Properties": {
          "powered": "false",
          "facing": "north",
          "face": "wall"
        }
      },
      "water_state": {
        "Name": "minecraft:candle",
        "Properties": {
          "waterlogged": "false",
          "lit": "false",
          "candles": "1"
        }
      },
      "lava_state": {
        "Name": "minecraft:orange_stained_glass"
      },
      "barrier_state": {
        "Name": "minecraft:glass"
      }
    },
    "horizontal_radius_multiplier": {
      "type": "minecraft:trapezoid",
      "value": {
        "min": 1.85,
        "max": 2.65,
        "plateau": 0.2
      }
    },
    "vertical_radius_multiplier": {
      "type": "minecraft:trapezoid",
      "value": {
        "min": 1.35,
        "max": 2.35,
        "plateau": 0.2
      }
    },
    "floor_level": {
      "type": "minecraft:uniform",
      "value": {
        "min_inclusive": -1,
        "max_exclusive": -0.7
      }
    }
  }
}
