{
  "type": "minecraft:canyon",
  "config": {
    "probability": 0.01,
    "y": {
      "type": "minecraft:uniform",
      "min_inclusive": {
        "absolute": -50
      },
      "max_inclusive": {
        "absolute": 75
      }
    },
    "yScale": {
      "type": "minecraft:uniform",
      "value": {
        "min_inclusive": 1,
        "max_exclusive": 1.5
      }
    },
    "lava_level": {
      "above_bottom": 8
    },
    "aquifers_enabled": true,
    "debug_settings": {
      "debug_mode": true,
      "air_state": {
        "Name": "minecraft:cave_air",
        "Properties": {
          "powered": "false",
          "facing": "north",
          "face": "wall"
        }
      },
      "water_state": {
        "Name": "minecraft:cave_air",
        "Properties": {
          "waterlogged": "false",
          "lit": "false",
          "candles": "1"
        }
      },
      "lava_state": {
        "Name": "minecraft:lava","Properties":{"level":"0"}
      },
      "barrier_state": {
        "Name": "minecraft:stone"
      }
    },
    "vertical_rotation": {
      "type": "minecraft:uniform",
      "value": {
        "min_inclusive": -1,
        "max_exclusive": 1
      }
    },
    "shape": {
      "distance_factor": {
        "type": "minecraft:uniform",
        "value": {
          "min_inclusive": 7,
          "max_exclusive": 17
        }
      },
      "thickness": {
        "type": "minecraft:trapezoid",
        "value": {
          "min": 0,
          "max": 6,
          "plateau": 2
        }
      },
      "width_smoothness": 15,
      "horizontal_radius_factor": {
        "type": "minecraft:uniform",
        "value": {
          "min_inclusive": 0.75,
          "max_exclusive": 1.5
        }
      },
      "vertical_radius_default_factor": 0.25,
      "vertical_radius_center_factor": 1
    }
  }
}
