{
  "type": "minecraft:cave",
  "config": {
    "probability": 0.05,
    "y": {
      "type": "minecraft:uniform",
      "min_inclusive": {
        "absolute": -64
      },
      "max_inclusive": {
        "absolute": 75
      }
    },
    "yScale": {
      "type": "minecraft:clamped_normal",
      "value": {
        "min": 0,
        "max": 4,
        "mean": 1,
        "deviation": 1
      }
    },
    "lava_level": {
      "above_bottom": 10
    },
    "aquifers_enabled": false,
    "debug_settings": {
      "air_state": {
        "Name": "minecraft:crimson_button",
        "Properties": {
          "powered": "false",
          "facing": "north",
          "face": "wall"
        }
      },
      "water_state": {
        "Name": "minecraft:candle",
        "Properties": {
          "waterlogged": "false",
          "lit": "false",
          "candles": "1"
        }
      },
      "lava_state": {
        "Name": "minecraft:orange_stained_glass"
      },
      "barrier_state": {
        "Name": "minecraft:glass"
      }
    },
    "horizontal_radius_multiplier": {
      "type": "minecraft:uniform",
      "value": {
        "min_inclusive": 0.75,
        "max_exclusive": 1.35
      }
    },
    "vertical_radius_multiplier": {
      "type": "minecraft:uniform",
      "value": {
        "min_inclusive": 1.25,
        "max_exclusive": 4.25
      }
    },
    "floor_level": -0.7
  }
}
