{
  "type": "minecraft:decorated",
  "config": {
    "decorator": {
      "type": "minecraft:chance",
      "config": {
        "chance": 2
      }
    },
    "feature": {
      "type": "minecraft:decorated",
      "config": {
        "decorator": {
          "type": "minecraft:square",
          "config": {}
        },
        "feature": {
          "type": "minecraft:decorated",
          "config": {
            "decorator": {
              "type": "minecraft:heightmap",
              "config": {
                "heightmap": "WORLD_SURFACE_WG"
              }
            },
            "feature": {
              "type": "minecraft:decorated",
              "config": {
                "decorator": {
                  "type": "minecraft:decorated",
                  "config": {
                    "outer": {
                      "type": "minecraft:nope",
                      "config": {
                        "noise_to_count_ratio": 1,
                        "noise_factor": 25,
                        "noise_offset": 0.15
                      }
                    },
                    "inner": {
                      "type": "minecraft:nope",
                      "config": {
                        "noise_to_count_ratio": -1,
                        "noise_factor": 25,
                        "noise_offset": -0.15
                      }
                    }
                  }
                },
                "feature": {
                  "type": "minecraft:dripstone_cluster",
                  "config": {
                    "floor_to_ceiling_search_range": 256,
                    "height": {
                      "type": "minecraft:uniform",
                      "value": {
                        "min_inclusive": 1,
                        "max_inclusive": 2
                      }
                    },
                    "radius": {
                      "type": "minecraft:clamped",
                      "value": {
                        "min_inclusive": 1,
                        "max_inclusive": 5,
                        "source": {
                          "type": "minecraft:uniform",
                          "value": {
                            "min_inclusive": -3,
                            "max_inclusive": 5
                          }
                        }
                      }
                    },
                    "max_stalagmite_stalactite_height_diff": 5,
                    "height_deviation": 4,
                    "dripstone_block_layer_thickness": 1,
                    "density": 0.07,
                    "wetness": 0,
                    "wetness_mean": 0,
                    "wetness_deviation": 0,
                    "chance_of_dripstone_column_at_max_distance_from_center": 0.2,
                    "max_distance_from_edge_affecting_chance_of_dripstone_column": 1,
                    "max_distance_from_center_affecting_height_bias": 5
                  }
                }
              }
            }
          }
        }
      }
    }
  }
}