{
  "type": "minecraft:decorated",
  "config": {
    "decorator": {
      "type": "minecraft:count",
      "config": {
        "count": {
          "type": "minecraft:uniform",
          "value": {
            "min_inclusive": 2,
            "max_inclusive": 5
          }
        }
      }
    },
    "feature": {
      "type": "minecraft:tree",
      "config": {
        "ignore_vines": true,
        "minimum_size": {
          "type": "minecraft:two_layers_feature_size",
          "min_clipped_height": 0,
          "limit": 0,
          "lower_size": 0,
          "upper_size": 0
        },
        "dirt_provider": {
          "type": "minecraft:simple_state_provider",
          "state": {
            "Name": "minecraft:dirt"
          }
        },
        "sapling_provider": {
          "type": "minecraft:simple_state_provider",
          "state": {
            "Name": "minecraft:spruce_sapling",
            "Properties": {
              "stage": "1"
            }
          }
        },
        "trunk_provider": {
          "type": "minecraft:simple_state_provider",
          "state": {
            "Name": "minecraft:dark_oak_log",
            "Properties": {
              "axis": "y"
            }
          }
        },
        "foliage_provider": {
          "type": "minecraft:simple_state_provider",
          "state": {
            "Name": "minecraft:dark_oak_leaves",
            "Properties": {
              "distance": "7",
              "persistent": "false"
            }
          }
        },
        "trunk_placer": {
          "type": "minecraft:straight_trunk_placer",
          "base_height": 13,
          "height_rand_a": 4,
          "height_rand_b": 12
        },
        "foliage_placer": {
          "type": "minecraft:mega_pine_foliage_placer",
          "radius": {
            "type": "minecraft:uniform",
            "value": {
              "min_inclusive": 0,
              "max_inclusive": 1
            }
          },
          "offset": 1,
          "crown_height": {
            "type": "minecraft:uniform",
            "value": {
              "min_inclusive": 3,
              "max_inclusive": 8
            }
          }
        },
        "decorators": []
      }
    }
  }
}