{
  "type": "minecraft:decorated",
  "config": {
    "feature": {
      "config": {
        "feature": {
          "type": "minecraft:tree",
          "config": {
            "ignore_vines": true,
            "minimum_size": {
              "type": "minecraft:two_layers_feature_size",
              "limit": 2,
              "lower_size": 0,
              "upper_size": 2
            },
            "trunk_provider": {
              "type": "minecraft:simple_state_provider",
              "state": {
                "Name": "minecraft:spruce_log",
                "Properties": {
                  "axis": "y"
                }
              }
            },
            "trunk_placer": {
              "type": "minecraft:straight_trunk_placer",
              "base_height": 6,
              "height_rand_a": 1,
              "height_rand_b": 3
            },
            "foliage_placer": {
              "type": "minecraft:mega_pine_foliage_placer",
              "radius": {
                "type": "minecraft:uniform",
                "value": {
                  "min_inclusive": 0,
                  "max_inclusive": 0
                }
              },
              "offset": {
                "type": "minecraft:uniform",
                "value": {
                  "min_inclusive": 0,
                  "max_inclusive": 2
                }
              },
              "crown_height": {
                "type": "minecraft:uniform",
                "value": {
                  "min_inclusive": 6,
                  "max_inclusive": 8
                }
              }
            },
            "decorators": [],
            "foliage_provider": {
              "type": "minecraft:simple_state_provider",
              "state": {
                "Name": "minecraft:spruce_leaves",
                "Properties": {
                  "persistent": "false",
                  "distance": "7"
                }
              }
            },
            "force_dirt": false,
            "sapling_provider": {
                      "type": "minecraft:simple_state_provider",
                      "state": {
                        "Name": "minecraft:oak_sapling",
                        "Properties": {
                          "stage": "0"
                        }
                      }
                    },"dirt_provider": {
              "state": {
                "Name": "minecraft:dirt"
              },
              "type": "minecraft:simple_state_provider"
            }
          }
        },
        "decorator": {
          "config": {
            "max_water_depth": 0
          },
          "type": "minecraft:water_depth_threshold"
        }
      },
      "type": "minecraft:decorated"
    },
    "decorator": {
      "config": {
        "heightmap": "OCEAN_FLOOR_WG"
      },
      "type": "minecraft:heightmap"
    }
  }
}