{
  "config": {
    "feature": {
      "config": {
        "feature": {
          "config": {
            "ignore_vines": true,
            "minimum_size": {
              "limit": 2,
              "lower_size": 0,
              "upper_size": 2,
              "type": "minecraft:two_layers_feature_size"
            },
            "decorators": [
              {
                "type": "minecraft:beehive",
                "probability": 0.003
              }
            ],
            "trunk_provider": {
              "state": {
                "Properties": {
                  "axis": "y"
                },
                "Name": "minecraft:oak_log"
              },
              "type": "minecraft:simple_state_provider"
            },
    "foliage_placer": {
      "radius": 2,
      "offset": 0,
      "height": 3,
      "type": "minecraft:blob_foliage_placer"
    },
            "trunk_placer": {
              "base_height": 4,
              "height_rand_a": 2,
              "height_rand_b": 2,
              "type": "minecraft:straight_trunk_placer"
            },
                "foliage_provider": {
      "entries": [
        {
          "data": {
            "Properties": {
              "persistent": "false",
              "distance": "7"
            },
            "Name": "minecraft:azalea_leaves"
          },
          "weight": 6
        },
        {
          "data": {
            "Properties": {
              "persistent": "false",
              "distance": "7"
            },
            "Name": "minecraft:flowering_azalea_leaves"
          },
          "weight": 1
        }
      ],
      "type": "minecraft:weighted_state_provider"
    },
            "force_dirt": false,
            "sapling_provider": {
                      "type": "minecraft:simple_state_provider",
                      "state": {
                        "Name": "minecraft:oak_sapling",
                        "Properties": {
                          "stage": "0"
                        }
                      }
                    },"dirt_provider": {
              "state": {
                "Name": "minecraft:dirt"
              },
              "type": "minecraft:simple_state_provider"
            }
          },
          "type": "minecraft:tree"
        },
        "decorator": {
          "config": {
            "max_water_depth": 0
          },
          "type": "minecraft:water_depth_threshold"
        }
      },
      "type": "minecraft:decorated"
    },
    "decorator": {
      "config": {
        "heightmap": "WORLD_SURFACE"
      },
      "type": "minecraft:heightmap"
    }
  },
  "type": "minecraft:decorated"
}