{
  "type": "minecraft:decorated",
  "config": {
    "decorator": {
      "type": "minecraft:count_extra",
      "config": {
        "count": 250,
        "extra_count": 0,
        "extra_chance": 0
      }
    },
    "feature": {
      "type": "minecraft:decorated",
      "config": {
        "decorator": {
          "type": "minecraft:square",
          "config": {}
        },
        "feature": {
          "type": "minecraft:decorated",
          "config": {
            "decorator": {
              "type": "minecraft:range",
              "config": {
                "height": {
                  "type": "minecraft:trapezoid",
                  "min_inclusive": {
                    "absolute": 157
                  },
                  "max_inclusive": {
                    "absolute": 180
                  },
                  "plateau": 1
                }
              }
            },
            "feature": {
              "type": "minecraft:decorated",
              "config": {
                "decorator": {
                  "type": "minecraft:cave_surface",
                  "config": {
                    "surface": "floor",
                    "floor_to_ceiling_search_range": 83
                  }
                },
                "feature": {
                  "type": "minecraft:random_patch",
                  "config": {
                    "can_replace": true,
                    "project": false,
                    "need_water": false,
                    "xspread": 7,
                    "yspread": 0,
                    "zspread": 7,
                    "tries": 1200,
                    "state_provider": {
                      "type": "minecraft:simple_state_provider",
                      "state": {
                        "Name": "minecraft:sandstone"
                      }
                    },
                    "block_placer": {
                      "type": "minecraft:simple_block_placer"
                    },
                    "whitelist": [
                      {
                        "Name": "minecraft:sandstone"
                      },
                      {
                        "Name": "minecraft:red_sandstone"
                      },
                      {
                        "Name": "minecraft:sand"
                      },
                      {
                        "Name": "minecraft:blue_terracotta"
                      },
                      {
                        "Name": "minecraft:red_terracotta"
                      },
                      {
                        "Name": "minecraft:yellow_terracotta"
                      },
                      {
                        "Name": "minecraft:orange_terracotta"
                      },
                      {
                        "Name": "minecraft:red_sand"
                      }
                    ],
                    "blacklist": []
                  }
                }
              }
            }
          }
        }
      }
    }
  }
}
