{
  "type": "minecraft:decorated",
  "config": {
    "decorator": {
      "type": "minecraft:count_extra",
      "config": {
        "count": 128,
        "extra_count": 0,
        "extra_chance": 1
      }
    },
    "feature": {
      "type": "minecraft:decorated",
      "config": {
        "decorator": {
          "type": "minecraft:decorated",
          "config": {
            "outer": {
              "type": "minecraft:decorated",
              "config": {
                "outer": {
                  "type": "minecraft:square",
                  "config": {}
                },
                "inner": {
                  "type": "minecraft:count_noise_biased",
                  "config": {
                    "noise_to_count_ratio": 1,
                    "noise_factor": 175,
                    "noise_offset": 1
                  }
                }
              }
            },
            "inner": {
              "type": "minecraft:range",
              "config": {
                "height": {
                  "type": "minecraft:trapezoid",
                  "min_inclusive": {
                    "absolute": 58
                  },
                  "max_inclusive": {
                    "absolute": 66
                  },
                  "plateau": 0
                }
              }
            }
          }
        },
        "feature": {
          "type": "minecraft:disk",
          "config": {
            "state": {
              "Name": "minecraft:dripstone_block",
              "Properties": {}
            },
            "radius": {
              "type": "minecraft:uniform",
              "value": {
                "min_inclusive": 1,
                "max_inclusive": 3
              }
            },
            "half_height": 1,
            "targets": [
              {
                "Name": "minecraft:sand"
              },
              {
                "Name": "minecraft:red_sand"
              }
            ]
          }
        }
      }
    }
  }
}
