{
  "type": "minecraft:decorated",
  "config": {
    "decorator": {
      "type": "minecraft:count",
      "config": {
        "count": 4
      }
    },
    "feature": {
      "type": "minecraft:decorated",
      "config": {
        "decorator": {
          "type": "minecraft:square",
          "config": {}
        },
        "feature": {
          "type": "minecraft:decorated",
          "config": {
            "decorator": {
              "type": "minecraft:range",
              "config": {
                "height": {
                  "absolute": 63
                }
              }
            },
            "feature": {
              "type": "minecraft:decorated",
              "config": {
                "decorator": {
                  "type": "minecraft:cave_surface",
                  "config": {
                    "surface": "floor",
                    "floor_to_ceiling_search_range": 2
                  }
                },
                "feature": {
                  "type": "minecraft:decorated",
                  "config": {
                    "decorator": {
                      "type": "minecraft:count_noise_biased",
                      "config": {
                        "noise_to_count_ratio": 1,
                        "noise_factor": 156,
                        "noise_offset": 1
                      }
                    },
                    "feature": {
                      "type": "minecraft:decorated",
                      "config": {
                        "decorator": {
                          "type": "minecraft:count_noise_biased",
                          "config": {
                            "noise_to_count_ratio": 1,
                            "noise_factor": 30,
                            "noise_offset": 1
                          }
                        },
                        "feature": {
                          "type": "minecraft:random_selector",
                          "config": {
                            "features": [
                              {
                                "chance": 0.1,
                                "feature": {
                                  "type": "minecraft:decorated",
                                  "config": {
                                    "decorator": {
                                      "type": "minecraft:count",
                                      "config": {
                                        "count": 35
                                      }
                                    },
                                    "feature": "terralith:canyon/sandstone/palm_tall"
                                  }
                                }
                              },
                              {
                                "chance": 0.3,
                                "feature": {
                                  "type": "minecraft:decorated",
                                  "config": {
                                    "decorator": {
                                      "type": "minecraft:count",
                                      "config": {
                                        "count": 35
                                      }
                                    },
                                    "feature": "terralith:canyon/sandstone/palm_medium"
                                  }
                                }
                              }
                            ],
                            "default": "terralith:canyon/sandstone/palm_1"
                          }
                        }
                      }
                    }
                  }
                }
              }
            }
          }
        }
      }
    }
  }
}
