{
  "type": "minecraft:decorated",
  "config": {
    "decorator": {
      "type": "minecraft:count",
      "config": {
        "count": 8
      }
    },
    "feature": {
      "type": "minecraft:decorated",
      "config": {
        "decorator": {
          "type": "minecraft:square",
          "config": {}
        },
        "feature": {
          "type": "minecraft:decorated",
          "config": {
            "decorator": {
              "type": "minecraft:heightmap",
              "config": {
                "heightmap": "WORLD_SURFACE_WG"
              }
            },
            "feature": {
              "type": "minecraft:decorated",
              "config": {
                "decorator": {
                  "type": "minecraft:chance",
                  "config": {
                    "chance": 7
                  }
                },
                "feature": {
                  "type": "minecraft:ore",
                  "config": {
                    "size": 45,
                    "discard_chance_on_air_exposure": 0,
                    "targets": [
                      {
                        "target": {
                          "predicate_type": "minecraft:tag_match",
                          "tag": "terralith:terracotta"
                        },
                        "state": {
                          "Name": "minecraft:coarse_dirt"
                        }
                      }
                    ]
                  }
                }
              }
            }
          }
        }
      }
    }
  }
}