{
  "type": "minecraft:decorated",
  "config": {
    "decorator": {
      "type": "minecraft:count_extra",
      "config": {
        "count": 9,
        "extra_count": 1,
        "extra_chance": 0.1
      }
    },
    "feature": {
      "type": "minecraft:decorated",
      "config": {
        "decorator": {
          "type": "minecraft:square",
          "config": {}
        },
        "feature": {
          "type": "minecraft:simple_random_selector",
          "config": {
            "features": [
              {
                "type": "minecraft:decorated",
                "config": {
                  "decorator": {
                    "type": "minecraft:range",
                    "config": {
                      "height": {
                        "absolute": 80
                      }
                    }
                  },
                  "feature": {
                    "type": "minecraft:decorated",
                    "config": {
                      "decorator": {
                        "type": "minecraft:cave_surface",
                        "config": {
                          "surface": "floor",
                          "floor_to_ceiling_search_range": 18
                        }
                      },
                      "feature": "terralith:taiga/mid/spruce_mid"
                    }
                  }
                }
              },
              {
                "type": "minecraft:decorated",
                "config": {
                  "decorator": {
                    "type": "minecraft:range",
                    "config": {
                      "height": {
                        "absolute": 80
                      }
                    }
                  },
                  "feature": {
                    "type": "minecraft:decorated",
                    "config": {
                      "decorator": {
                        "type": "minecraft:cave_surface",
                        "config": {
                          "surface": "floor",
                          "floor_to_ceiling_search_range": 18
                        }
                      },
                      "feature": "terralith:taiga/mid/spruce_mid_m"
                    }
                  }
                }
              },
              {
                "type": "minecraft:decorated",
                "config": {
                  "decorator": {
                    "type": "minecraft:range",
                    "config": {
                      "height": {
                        "absolute": 105
                      }
                    }
                  },
                  "feature": {
                    "type": "minecraft:decorated",
                    "config": {
                      "decorator": {
                        "type": "minecraft:cave_surface",
                        "config": {
                          "surface": "floor",
                          "floor_to_ceiling_search_range": 30
                        }
                      },
                      "feature": "terralith:taiga/lush/medium_tree"
                    }
                  }
                }
              },
              {
                "type": "minecraft:decorated",
                "config": {
                  "decorator": {
                    "type": "minecraft:range",
                    "config": {
                      "height": {
                        "absolute": 110
                      }
                    }
                  },
                  "feature": {
                    "type": "minecraft:decorated",
                    "config": {
                      "decorator": {
                        "type": "minecraft:cave_surface",
                        "config": {
                          "surface": "floor",
                          "floor_to_ceiling_search_range": 30
                        }
                      },
                      "feature": "terralith:taiga/lush/medium_tree_alt"
                    }
                  }
                }
              },
              {
                "type": "minecraft:decorated",
                "config": {
                  "decorator": {
                    "type": "minecraft:range",
                    "config": {
                      "height": {
                        "absolute": 140
                      }
                    }
                  },
                  "feature": {
                    "type": "minecraft:decorated",
                    "config": {
                      "decorator": {
                        "type": "minecraft:cave_surface",
                        "config": {
                          "surface": "floor",
                          "floor_to_ceiling_search_range": 45
                        }
                      },
                      "feature": "terralith:taiga/lush/small_tree"
                    }
                  }
                }
              }
            ]
          }
        }
      }
    }
  }
}