{
  "type": "minecraft:decorated",
  "config": {
    "decorator": {
      "type": "minecraft:count_extra",
      "config": {
        "count": 128,
        "extra_count": 200,
        "extra_chance": 1
      }
    },
    "feature": {
      "type": "minecraft:decorated",
      "config": {
        "decorator": {
          "type": "minecraft:decorated",
          "config": {
            "outer": {
              "type": "minecraft:square",
              "config": {}
            },
            "inner": {
              "type": "minecraft:range",
              "config": {
                "height":{
                  "type":"uniform",
                "min_inclusive": {
                  "absolute": 61
                },
                "max_inclusive": {
                  "absolute": 63
                }
              }
              }
            }
          }
        },
        "feature": {
          "type": "minecraft:disk",
          "config": {
            "state": {
              "Name": "minecraft:red_sand"
            },
            "radius": {
              "type": "minecraft:uniform",
              "value": {
                "min_inclusive": 2,
                "max_inclusive": 3
              }
            },
            "half_height": 1,
            "targets": [
              {
                "Name": "minecraft:gravel"
              },
              {
                "Name": "minecraft:sand"
              },
              {
                "Name": "minecraft:dirt"
              },
              {
                "Name": "minecraft:grass_block",
                "Properties": {
                  "snowy": "false"
                }
              },
              {
                "Name": "minecraft:calcite"
              },
              {
                "Name": "minecraft:blackstone"
              },
              {
                "Name": "minecraft:smooth_basalt"
              },
              {
                "Name": "minecraft:gravel"
              }
            ]
          }
        }
      }
    }
  }
}