{
  "type": "minecraft:decorated",
  "config": {
    "decorator": {
      "type": "minecraft:count",
      "config": {
        "count": 45
      }
    },
    "feature": {
      "type": "minecraft:decorated",
      "config": {
        "decorator": {
          "type": "minecraft:square",
          "config": {}
        },
        "feature": {
          "type": "minecraft:decorated",
          "config": {
            "decorator": {
              "type": "minecraft:range",
              "config": {
                "height":{
                "type":"uniform",
                "min_inclusive": {
                  "absolute": 72
                },
                "max_inclusive": {
                  "absolute": 87
                }
              }
              }
            },
            "feature": "terralith:yellowstone/spruce_big_alt"
          }
        }
      }
    }
  }
}