{
  "type": "minecraft:decorated",
  "config": {
    "decorator": {
      "type": "minecraft:chance",
      "config": {
        "chance": 1
      }
    },
    "feature": {
      "type": "minecraft:decorated",
      "config": {
        "decorator": {
          "type": "minecraft:decorated",
          "config": {
            "outer": {
              "type": "minecraft:decorated",
              "config": {
                "outer": {
                  "type": "minecraft:square",
                  "config": {}
                },
                "inner": {
                  "type": "minecraft:count_noise_biased",
                  "config": {
                    "noise_to_count_ratio": 1,
                    "noise_factor": 807,
                    "noise_offset": -0.05
                  }
                }
              }
            },
            "inner": {
              "type": "minecraft:count_noise_biased",
              "config": {
                "noise_to_count_ratio": -1,
                "noise_factor": 457,
                "noise_offset": 0.05
              }
            }
          }
        },
        "feature": {
          "type": "minecraft:decorated",
          "config": {
            "decorator": {
              "type": "minecraft:range",
              "config": {
                "height": {
                  "type": "minecraft:uniform",
                  "min_inclusive": {
                    "above_bottom": 14
                  },
                  "max_inclusive": {
                    "absolute": 0
                  }
                }
              }
            },
            "feature": {
              "type": "minecraft:decorated",
              "config": {
                "decorator": {
                  "type": "minecraft:cave_surface",
                  "config": {
                    "surface": "ceiling",
                    "floor_to_ceiling_search_range": 70
                  }
                },
                "feature": {
                  "type": "minecraft:decorated",
                  "config": {
                    "decorator": {
                      "type": "minecraft:count_noise_biased",
                      "config": {
                        "noise_to_count_ratio": 1,
                        "noise_factor": 68,
                        "noise_offset": 1
                      }
                    },
                    "feature": {
                      "type": "minecraft:vegetation_patch",
                      "config": {
                        "surface": "ceiling",
                        "depth": {
                          "type": "minecraft:uniform",
                          "value": {
                            "min_inclusive": 1,
                            "max_inclusive": 1
                          }
                        },
                        "vertical_range": 4,
                        "extra_bottom_block_chance": 1,
                        "extra_edge_column_chance": 0.4,
                        "vegetation_chance": 0.8,
                        "xz_radius": {
                          "type": "minecraft:uniform",
                          "value": {
                            "min_inclusive": 2,
                            "max_inclusive": 6
                          }
                        },
                        "replaceable": "minecraft:base_stone_overworld",
                        "ground_state": {
                          "type": "minecraft:weighted_state_provider",
                          "entries": [
                            {
                              "weight": 1,
                              "data": {
                                "Name": "minecraft:deepslate",
                                "Properties": {
                                  "axis": "y"
                                }
                              }
                            },
                            {
                              "weight": 1,
                              "data": {
                                "Name": "minecraft:magma_block"
                              }
                            }
                          ]
                        },
                        "vegetation_feature": {
                          "type": "minecraft:random_selector",
                          "config": {
                            "features": [
                              {
                                "chance": 0.2,
                                "feature": {
                                  "type": "minecraft:decorated",
                                  "config": {
                                    "decorator": {
                                      "type": "minecraft:count",
                                      "config": {
                                        "count": 16
                                      }
                                    },
                                    "feature": "terralith:cave/thermal/lava_pocket"
                                  }
                                }
                              }
                            ],
                            "default": {
                              "type": "minecraft:growing_plant",
                              "config": {
                                "direction": "down",
                                "allow_water": false,
                                "height_distribution": [
                                  {
                                    "weight": 1,
                                    "data": 5
                                  },
                                  {
                                    "weight": 2,
                                    "data": 4
                                  },
                                  {
                                    "weight": 4,
                                    "data": 3
                                  },
                                  {
                                    "weight": 8,
                                    "data": 2
                                  },
                                  {
                                    "weight": 16,
                                    "data": 1
                                  }
                                ],
                                "body_provider": {
                                  "type": "minecraft:simple_state_provider",
                                  "state": {
                                    "Name": "minecraft:magma_block"
                                  }
                                },
                                "head_provider": {
                                  "type": "minecraft:simple_state_provider",
                                  "state": {
                                    "Name": "minecraft:light",
                                    "Properties": {
                                      "level": "7",
                                      "waterlogged": "false"
                                    }
                                  }
                                }
                              }
                            }
                          }
                        }
                      }
                    }
                  }
                }
              }
            }
          }
        }
      }
    }
  }
}
