{
  "type": "minecraft:random_selector",
  "config": {
    "features": [
      {
        "chance": 0.06,
        "feature": {
          "type": "minecraft:vegetation_patch",
          "config": {
            "surface": "floor",
            "depth": 1,
            "vertical_range": 1,
            "extra_bottom_block_chance": 0,
            "extra_edge_column_chance": 0,
            "vegetation_chance": 1,
            "xz_radius": 0,
            "replaceable": "terralith:magma",
            "ground_state": {
              "type": "minecraft:simple_state_provider",
              "state": {
                "Name": "minecraft:dirt"
              }
            },
            "vegetation_feature": {
              "type": "minecraft:tree",
              "config": {
                "ignore_vines": false,
                "force_dirt": true,
                "minimum_size": {
                  "type": "minecraft:two_layers_feature_size",
                  "min_clipped_height": 0,
                  "limit": 0,
                  "lower_size": 0,
                  "upper_size": 0
                },
                "dirt_provider": {
                  "type": "minecraft:simple_state_provider",
                  "state": {
                    "Name": "minecraft:magma_block"
                  }
                },
                "sapling_provider": {
                  "type": "minecraft:simple_state_provider",
                  "state": {
                    "Name": "minecraft:magma_block"
                  }
                },
                "trunk_provider": {
                  "type": "minecraft:simple_state_provider",
                  "state": {
                    "Name": "minecraft:lava",
                    "Properties": {
                      "level": "0"
                    }
                  }
                },
                "foliage_provider": {
                  "type": "minecraft:simple_state_provider",
                  "state": {
                    "Name": "minecraft:air"
                  }
                },
                "trunk_placer": {
                  "type": "minecraft:straight_trunk_placer",
                  "base_height": 2,
                  "height_rand_a": 4,
                  "height_rand_b": 3
                },
                "foliage_placer": {
                  "type": "minecraft:fancy_foliage_placer",
                  "radius": 0,
                  "offset": 0,
                  "height": 0
                },
                "decorators": []
              }
            }
          }
        }
      },
      {
        "chance": 0.25,
        "feature": {
          "type": "minecraft:decorated",
          "config": {
            "decorator": {
              "type": "minecraft:cave_surface",
              "config": {
                "surface": "floor",
                "floor_to_ceiling_search_range": 70
              }
            },
            "feature": {
              "type": "minecraft:delta_feature",
              "config": {
                "contents": {
                  "Name": "minecraft:lava",
                  "Properties": {
                    "level": "0"
                  }
                },
                "rim": {
                  "Name": "minecraft:magma_block"
                },
                "size": {
                  "type": "minecraft:uniform",
                  "value": {
                    "min_inclusive": 2,
                    "max_inclusive": 7
                  }
                },
                "rim_size": {
                  "type": "minecraft:uniform",
                  "value": {
                    "min_inclusive": 0,
                    "max_inclusive": 2
                  }
                }
              }
            }
          }
        }
      },
      {
        "chance": 0.15,
        "feature": {
          "type": "minecraft:ore",
          "config": {
            "size": 45,
            "discard_chance_on_air_exposure": 0,
            "targets": [
              {
                "target": {
                  "predicate_type": "minecraft:random_block_match",
                  "block": "minecraft:deepslate_tiles",
                  "probability": 0.6
                },
                "state": {
                  "Name": "minecraft:blackstone"
                }
              },
              {
                "target": {
                  "predicate_type": "minecraft:random_block_match",
                  "block": "minecraft:smooth_basalt",
                  "probability": 0.6
                },
                "state": {
                  "Name": "minecraft:blackstone"
                }
              }
            ]
          }
        }
      },
      {
        "chance": 0.15,
        "feature": {
          "type": "minecraft:ore",
          "config": {
            "size": 60,
            "discard_chance_on_air_exposure": 0,
            "targets": [
              {
                "target": {
                  "predicate_type": "minecraft:random_block_match",
                  "block": "minecraft:deepslate_tiles",
                  "probability": 0.6
                },
                "state": {
                  "Name": "minecraft:smooth_basalt"
                }
              }
            ]
          }
        }
      }
    ],
    "default": {
      "type": "minecraft:ore",
      "config": {
        "size": 25,
        "discard_chance_on_air_exposure": 0.8,
        "targets": [
          {
            "target": {
              "predicate_type": "minecraft:random_block_match",
              "block": "minecraft:smooth_basalt",
              "probability": 0.04
            },
            "state": {
              "Name": "minecraft:deepslate_coal_ore"
            }
          },
          {
            "target": {
              "predicate_type": "minecraft:random_block_match",
              "block": "minecraft:blackstone",
              "probability": 0.04
            },
            "state": {
              "Name": "minecraft:deepslate_coal_ore"
            }
          },
          {
            "target": {
              "predicate_type": "minecraft:random_block_match",
              "block": "minecraft:deepslate_tiles",
              "probability": 0.04
            },
            "state": {
              "Name": "minecraft:deepslate_coal_ore"
            }
          },
          {
            "target": {
              "predicate_type": "minecraft:random_block_match",
              "block": "minecraft:smooth_basalt",
              "probability": 0.005
            },
            "state": {
              "Name": "minecraft:deepslate_diamond_ore"
            }
          },
          {
            "target": {
              "predicate_type": "minecraft:random_block_match",
              "block": "minecraft:blackstone",
              "probability": 0.005
            },
            "state": {
              "Name": "minecraft:deepslate_diamond_ore"
            }
          },
          {
            "target": {
              "predicate_type": "minecraft:random_block_match",
              "block": "minecraft:deepslate_tiles",
              "probability": 0.005
            },
            "state": {
              "Name": "minecraft:deepslate_diamond_ore"
            }
          }
        ]
      }
    }
  }
}