{
  "type": "minecraft:decorated",
  "config": {
    "decorator": {
      "type": "minecraft:chance",
      "config": {
        "chance": 7
      }
    },
    "feature": {
      "type": "minecraft:decorated",
      "config": {
        "decorator": {
          "type": "minecraft:decorated",
          "config": {
            "outer": {
              "type": "minecraft:decorated",
              "config": {
                "outer": {
                  "type": "minecraft:square",
                  "config": {}
                },
                "inner": {
                  "type": "minecraft:count_noise_biased",
                  "config": {
                    "noise_to_count_ratio": 1,
                    "noise_factor": 807,
                    "noise_offset": -0.05
                  }
                }
              }
            },
            "inner": {
              "type": "minecraft:count_noise_biased",
              "config": {
                "noise_to_count_ratio": -1,
                "noise_factor": 457,
                "noise_offset": 0.05
              }
            }
          }
        },
        "feature": {
          "type": "minecraft:decorated",
          "config": {
            "decorator": {
              "type": "minecraft:decorated",
              "config": {
                "outer": {
                  "type": "minecraft:range",
                  "config": {
                    "height": {
                      "type": "minecraft:uniform",
                      "min_inclusive": {
                        "above_bottom": 0
                      },
                      "max_inclusive": {
                        "absolute": 0
                      }
                    }
                  }
                },
                "inner": {
                  "type": "minecraft:cave_surface",
                  "config": {
                    "surface": "ceiling",
                    "floor_to_ceiling_search_range": 35
                  }
                }
              }
            },
            "feature": {
              "type": "minecraft:decorated",
              "config": {
                "decorator": {
                  "type": "minecraft:count",
                  "config": {
                    "count": 1
                  }
                },
                "feature": {
                  "type": "minecraft:root_system",
                  "config": {
                    "required_vertical_space_for_tree": 20,
                    "root_radius": 3,
                    "root_placement_attempts": 20,
                    "root_column_max_height": 192,
                    "hanging_root_radius": 3,
                    "hanging_roots_vertical_span": 2,
                    "hanging_root_placement_attempts": 20,
                    "allowed_vertical_water_for_tree": 5,
                    "root_replaceable": "terralith:geyser_blocks",
                    "root_state_provider": {
                      "type": "minecraft:simple_state_provider",
                      "state": {
                        "Name": "minecraft:blackstone"
                      }
                    },
                    "hanging_root_state_provider": {
                      "type": "minecraft:simple_state_provider",
                      "state": {
                        "Name": "minecraft:magma_block"
                      }
                    },
                    "feature": {
                      "type": "minecraft:decorated",
                      "config": {
                        "decorator": {
                          "type": "minecraft:count",
                          "config": {
                            "count": 128
                          }
                        },
                        "feature": {
                          "type": "minecraft:random_selector",
                          "config": {
                            "features": [
                              {
                                "chance": 0.2,
                                "feature": {
                                  "type": "minecraft:decorated",
                                  "config": {
                                    "decorator": {
                                      "type": "minecraft:heightmap",
                                      "config": {
                                        "heightmap": "OCEAN_FLOOR"
                                      }
                                    },
                                    "feature": "terralith:cave/mantle/geyser_funny_tree"
                                  }
                                }
                              },
                              {
                                "chance": 0.2,
                                "feature": {
                                  "type": "minecraft:disk",
                                  "config": {
                                    "state": {
                                      "Name": "minecraft:blackstone"
                                    },
                                    "radius": 4,
                                    "half_height": 3,
                                    "targets": [
                                      {
                                        "Name": "minecraft:smooth_basalt"
                                      },
                                      {
                                        "Name": "minecraft:dirt"
                                      },
                                      {
                                        "Name": "minecraft:coarse_dirt"
                                      },
                                      {
                                        "Name": "minecraft:stone"
                                      },
                                      {
                                        "Name": "minecraft:grass_block",
                                        "Properties": {
                                          "snowy": "false"
                                        }
                                      },
                                      {
                                        "Name": "minecraft:calcite"
                                      },
                                      {
                                        "Name": "minecraft:sand"
                                      },
                                      {
                                        "Name": "minecraft:yellow_terracotta"
                                      },
                                      {
                                        "Name": "minecraft:red_sand"
                                      },
                                      {
                                        "Name": "minecraft:gravel"
                                      }
                                    ]
                                  }
                                }
                              },
                              {
                                "chance": 0.2,
                                "feature": {
                                  "type": "minecraft:disk",
                                  "config": {
                                    "state": {
                                      "Name": "minecraft:smooth_basalt"
                                    },
                                    "radius": 6,
                                    "half_height": 2,
                                    "targets": [
                                      {
                                        "Name": "minecraft:dirt"
                                      },
                                      {
                                        "Name": "minecraft:coarse_dirt"
                                      },
                                      {
                                        "Name": "minecraft:stone"
                                      },
                                      {
                                        "Name": "minecraft:grass_block",
                                        "Properties": {
                                          "snowy": "false"
                                        }
                                      },
                                      {
                                        "Name": "minecraft:calcite"
                                      },
                                      {
                                        "Name": "minecraft:sand"
                                      },
                                      {
                                        "Name": "minecraft:yellow_terracotta"
                                      },
                                      {
                                        "Name": "minecraft:red_sand"
                                      },
                                      {
                                        "Name": "minecraft:gravel"
                                      }
                                    ]
                                  }
                                }
                              }
                            ],
                            "default": {
                              "type": "minecraft:disk",
                              "config": {
                                "state": {
                                  "Name": "minecraft:magma_block"
                                },
                                "radius": 2,
                                "half_height": 1,
                                "targets": [
                                  {
                                    "Name": "minecraft:smooth_basalt"
                                  },
                                  {
                                    "Name": "minecraft:dirt"
                                  },
                                  {
                                    "Name": "minecraft:coarse_dirt"
                                  },
                                  {
                                    "Name": "minecraft:stone"
                                  },
                                  {
                                    "Name": "minecraft:grass_block",
                                    "Properties": {
                                      "snowy": "false"
                                    }
                                  },
                                  {
                                    "Name": "minecraft:calcite"
                                  },
                                  {
                                    "Name": "minecraft:sand"
                                  },
                                  {
                                    "Name": "minecraft:blackstone"
                                  },
                                  {
                                    "Name": "minecraft:yellow_terracotta"
                                  },
                                  {
                                    "Name": "minecraft:red_sand"
                                  },
                                  {
                                    "Name": "minecraft:gravel"
                                  }
                                ]
                              }
                            }
                          }
                        }
                      }
                    }
                  }
                }
              }
            }
          }
        }
      }
    }
  }
}
