{
                  "type": "minecraft:tree",
                  "config": {
                    "ignore_vines": false,
                    "force_dirt": true,
                    "minimum_size": {
                      "type": "minecraft:two_layers_feature_size",
                      "min_clipped_height": 0,
                      "limit": 0,
                      "lower_size": 0,
                      "upper_size": 0
                    },
                    "dirt_provider": {
                      "type": "minecraft:simple_state_provider",
                      "state": {
                        "Name": "minecraft:water",
                        "Properties": {
                          "level": "0"
                        }
                      }
                    },
                    "sapling_provider": {
                      "type": "minecraft:simple_state_provider",
                      "state": {
                        "Name": "minecraft:stone"
                      }
                    },
                    "trunk_provider": {
                      "type": "minecraft:simple_state_provider",
                      "state": {
                        "Name": "minecraft:water",
                        "Properties": {
                          "level": "0"
                        }
                      }
                    },
                    "foliage_provider": {
                      "type": "minecraft:simple_state_provider",
                      "state": {
                        "Name": "minecraft:air"
                      }
                    },
                    "trunk_placer": {
                      "type": "minecraft:straight_trunk_placer",
                      "base_height": 4,
                      "height_rand_a": 2,
                      "height_rand_b": 3
                    },
                    "foliage_placer": {
                      "type": "minecraft:pine_foliage_placer",
                      "radius": 0,
                      "offset": 0,
                      "height": 0
                    },
                    "decorators": []
                  }
                }