{
  "type": "minecraft:decorated",
  "config": {
    "decorator": {
      "type": "minecraft:chance",
      "config": {
        "chance": 3
      }
    },
    "feature": {
      "type": "minecraft:decorated",
      "config": {
        "decorator": {
          "type": "minecraft:decorated",
          "config": {
            "outer": {
              "type": "minecraft:decorated",
              "config": {
                "outer": {
                  "type": "minecraft:square",
                  "config": {}
                },
                "inner": {
                  "type": "minecraft:count_noise_biased",
                  "config": {
                    "noise_to_count_ratio": 1,
                    "noise_factor": 807,
                    "noise_offset": -0.05
                  }
                }
              }
            },
            "inner": {
              "type": "minecraft:count_noise_biased",
              "config": {
                "noise_to_count_ratio": -1,
                "noise_factor": 457,
                "noise_offset": 0.05
              }
            }
          }
        },
        "feature": {
          "type": "minecraft:decorated",
          "config": {
            "decorator": {
              "type": "minecraft:range",
              "config": {
                "height": {
                  "type": "minecraft:uniform",
                  "min_inclusive": {
                    "above_bottom": 11
                  },
                  "max_inclusive": {
                    "absolute": 0
                  }
                }
              }
            },
            "feature": {
              "type": "minecraft:decorated",
              "config": {
                "decorator": {
                  "type": "minecraft:cave_surface",
                  "config": {
                    "surface": "floor",
                    "floor_to_ceiling_search_range": 70
                  }
                },
                "feature": {
                  "type": "minecraft:vegetation_patch",
                  "config": {
                    "surface": "floor",
                    "depth": {
                      "type": "minecraft:uniform",
                      "value": {
                        "min_inclusive": 1,
                        "max_inclusive": 2
                      }
                    },
                    "vertical_range": 2,
                    "extra_bottom_block_chance": 0.1,
                    "extra_edge_column_chance": 0.5,
                    "vegetation_chance": 1,
                    "xz_radius": {
                      "type": "minecraft:uniform",
                      "value": {
                        "min_inclusive": 4,
                        "max_inclusive": 5
                      }
                    },
                    "replaceable": "minecraft:base_stone_overworld",
                    "ground_state": {
                      "type": "minecraft:weighted_state_provider",
                      "entries": [
                        {
                          "weight": 2,
                          "data": {
                            "Name": "minecraft:magma_block"
                          }
                        },
                        {
                          "weight": 1,
                          "data": {
                            "Name": "minecraft:deepslate_tiles"
                          }
                        }
                      ]
                    },
                    "vegetation_feature": {
                      "type": "minecraft:decorated",
                      "config": {
                        "decorator": {
                          "type": "minecraft:count",
                          "config": {
                            "count": 2
                          }
                        },
                        "feature": "terralith:cave/mantle/fountain"
                      }
                    }
                  }
                }
              }
            }
          }
        }
      }
    }
  }
}
