{
  "type": "minecraft:decorated",
  "config": {
    "decorator": {
      "type": "minecraft:count_extra",
      "config": {
        "count": 2,
        "extra_count": 0,
        "extra_chance": 0
      }
    },
    "feature": {
      "type": "minecraft:decorated",
      "config": {
        "decorator": {
          "type": "minecraft:decorated",
          "config": {
            "outer": {
              "type": "minecraft:decorated",
              "config": {
                "outer": {
                  "type": "minecraft:square",
                  "config": {}
                },
                "inner": {
                  "type": "minecraft:count_noise_biased",
                  "config": {
                    "noise_to_count_ratio": 1,
                    "noise_factor": 807,
                    "noise_offset": -0.05
                  }
                }
              }
            },
            "inner": {
              "type": "minecraft:count_noise_biased",
              "config": {
                "noise_to_count_ratio": -1,
                "noise_factor": 457,
                "noise_offset": 0.05
              }
            }
          }
        },
        "feature": {
          "type": "minecraft:decorated",
          "config": {
            "decorator": {
              "type": "minecraft:decorated",
              "config": {
                "outer": {
                  "type": "minecraft:range",
                  "config": {
                    "height": {
                      "type": "minecraft:uniform",
                      "min_inclusive": {
                        "above_bottom": 11
                      },
                      "max_inclusive": {
                        "absolute": 0
                      }
                    }
                  }
                },
                "inner": {
                  "type": "minecraft:cave_surface",
                  "config": {
                    "surface": "floor",
                    "floor_to_ceiling_search_range": 70
                  }
                }
              }
            },
            "feature": {
              "type": "minecraft:vegetation_patch",
              "config": {
                "surface": "floor",
                "depth": {
                  "type": "minecraft:uniform",
                  "value": {
                    "min_inclusive": 1,
                    "max_inclusive": 2
                  }
                },
                "vertical_range": 1,
                "extra_bottom_block_chance": 0.4,
                "extra_edge_column_chance": 0.6,
                "vegetation_chance": 0.6,
                "xz_radius": {
                  "type": "minecraft:uniform",
                  "value": {
                    "min_inclusive": 2,
                    "max_inclusive": 4
                  }
                },
                "replaceable": "minecraft:base_stone_overworld",
                "ground_state": {
                  "type": "minecraft:weighted_state_provider",
                  "entries": [
                    {
                      "weight": 5,
                      "data": {
                        "Name": "minecraft:magma_block"
                      }
                    },
                    {
                      "weight": 2,
                      "data": {
                        "Name": "minecraft:blackstone"
                      }
                    }
                  ]
                },
                "vegetation_feature": {
                  "type": "minecraft:decorated",
                  "config": {
                    "decorator": {
                      "type": "minecraft:count",
                      "config": {
                        "count": 5
                      }
                    },
                    "feature": {
                      "type": "minecraft:random_selector",
                      "config": {
                        "features": [
                          {
                            "chance": 0.4,
                            "feature": {
                              "type": "minecraft:ore",
                              "config": {
                                "size": 61,
                                "discard_chance_on_air_exposure": 0,
                                "targets": [
                                  {
                                    "target": {
                                      "predicate_type": "minecraft:random_block_match",
                                      "block": "minecraft:deepslate",
                                      "probability": 0.3
                                    },
                                    "state": {
                                      "Name": "minecraft:smooth_basalt"
                                    }
                                  },
                                  {
                                    "target": {
                                      "predicate_type": "minecraft:random_block_match",
                                      "block": "minecraft:stone",
                                      "probability": 0.4
                                    },
                                    "state": {
                                      "Name": "minecraft:smooth_basalt"
                                    }
                                  },
                                  {
                                    "target": {
                                      "predicate_type": "minecraft:random_block_match",
                                      "block": "minecraft:deepslate_tiles",
                                      "probability": 0.4
                                    },
                                    "state": {
                                      "Name": "minecraft:smooth_basalt"
                                    }
                                  }
                                ]
                              }
                            }
                          },
                          {
                            "chance": 0.5,
                            "feature": {
                              "type": "minecraft:ore",
                              "config": {
                                "size": 40,
                                "discard_chance_on_air_exposure": 0,
                                "targets": [
                                  {
                                    "target": {
                                      "predicate_type": "minecraft:random_block_match",
                                      "block": "minecraft:stone",
                                      "probability": 0.3
                                    },
                                    "state": {
                                      "Name": "minecraft:blackstone"
                                    }
                                  },
                                  {
                                    "target": {
                                      "predicate_type": "minecraft:random_block_match",
                                      "block": "minecraft:deepslate",
                                      "probability": 0.3
                                    },
                                    "state": {
                                      "Name": "minecraft:blackstone"
                                    }
                                  },
                                  {
                                    "target": {
                                      "predicate_type": "minecraft:random_block_match",
                                      "block": "minecraft:smooth_basalt",
                                      "probability": 0.3
                                    },
                                    "state": {
                                      "Name": "minecraft:blackstone"
                                    }
                                  },
                                  {
                                    "target": {
                                      "predicate_type": "minecraft:random_block_match",
                                      "block": "minecraft:deepslate_tiles",
                                      "probability": 0.3
                                    },
                                    "state": {
                                      "Name": "minecraft:blackstone"
                                    }
                                  }
                                ]
                              }
                            }
                          }
                        ],
                        "default": {
                          "type": "minecraft:growing_plant",
                          "config": {
                            "direction": "up",
                            "allow_water": false,
                            "height_distribution": [
                              {
                                "weight": 16,
                                "data": 2
                              },
                              {
                                "weight": 30,
                                "data": 1
                              },
                              {
                                "weight": 160,
                                "data": 0
                              }
                            ],
                            "body_provider": {
                              "type": "minecraft:simple_state_provider",
                              "state": {
                                "Name": "minecraft:magma_block"
                              }
                            },
                            "head_provider": {
                              "type": "minecraft:weighted_state_provider",
                              "entries": [
                                {
                                  "weight": 1,
                                  "data": {
                                    "Name": "minecraft:magma_block"
                                  }
                                },
                                {
                                  "weight": 1,
                                  "data": {
                                    "Name": "minecraft:magma_block"
                                  }
                                }
                              ]
                            }
                          }
                        }
                      }
                    }
                  }
                }
              }
            }
          }
        }
      }
    }
  }
}
