{
  "config": {
    "feature": {
      "config": {
        "vegetation_chance": 1,
        "xz_radius": 1,
        "extra_edge_column_chance": 0.5,
        "extra_bottom_block_chance": 0.0,
        "vertical_range": 128,
        "vegetation_feature": {
          "config": {
            "features": [
              {
                "feature": {
                  "config": {
                    "feature": {
                      "config": {
                        "vegetation_chance": 1,
                        "xz_radius": 1,
                        "extra_edge_column_chance": 0.5,
                        "extra_bottom_block_chance": 0.0,
                        "vertical_range": 128,
                        "vegetation_feature": {
                          "config": {
                            "features": [
                              {
                                "feature": {
                                  "config": {
                                    "feature": {
                                      "config": {
                                        "vegetation_chance": 1,
                                        "xz_radius": 1,
                                        "extra_edge_column_chance": 0.5,
                                        "extra_bottom_block_chance": 0.0,
                                        "vertical_range": 128,
                                        "vegetation_feature": {
                                          "config": {
                                            "features": [
                                              {
                                                "feature": {
                                                  "config": {
                                                    "feature": {
                                                      "config": {
                                                        "vegetation_chance": 1,
                                                        "xz_radius": 1,
                                                        "extra_edge_column_chance": 0.5,
                                                        "extra_bottom_block_chance": 0.0,
                                                        "vertical_range": 128,
                                                        "vegetation_feature": {
                                                          "config": {
                                                            "features": [
                                                              {
                                                                "feature": {
                                                                  "config": {
                                                                    "feature": {
                                                                      "config": {
                                                                        "vegetation_chance": 1,
                                                                        "xz_radius": 1,
                                                                        "extra_edge_column_chance": 0.5,
                                                                        "extra_bottom_block_chance": 0.0,
                                                                        "vertical_range": 128,
                                                                        "vegetation_feature": {
                                                                          "config": {
                                                                            "features": [
                                                                              {
                                                                                "feature": {
                                                                                  "config": {
                                                                                    "feature": {
                                                                                      "config": {
                                                                                        "vegetation_chance": 1,
                                                                                        "xz_radius": 1,
                                                                                        "extra_edge_column_chance": 0.5,
                                                                                        "extra_bottom_block_chance": 0.0,
                                                                                        "vertical_range": 128,
                                                                                        "vegetation_feature": {
                                                                                          "config": {
                                                                                            "features": [
                                                                                              {
                                                                                                "feature": {
                                                                                                  "config": {},
                                                                                                  "type": "minecraft:no_op"
                                                                                                },
                                                                                                "chance": 0.75
                                                                                              }
                                                                                            ],
                                                                                            "default": {
                                                                                              "config": {
                                                                                                "body_provider": {
                                                                                                  "state": {
                                                                                                    "Name": "minecraft:blackstone"
                                                                                                  },
                                                                                                  "type": "minecraft:simple_state_provider"
                                                                                                },
                                                                                                "head_provider": {
                                                                                                  "state": {
                                                                                                    "Name": "minecraft:blackstone"
                                                                                                  },
                                                                                                  "type": "minecraft:simple_state_provider"
                                                                                                },
                                                                                                "allow_water": true,
                                                                                                "height_distribution": [
                                                                                                  {
                                                                                                    "data": 1,
                                                                                                    "weight": 1
                                                                                                  }
                                                                                                ],
                                                                                                "direction": "down"
                                                                                              },
                                                                                              "type": "minecraft:growing_plant"
                                                                                            }
                                                                                          },
                                                                                          "type": "minecraft:random_selector"
                                                                                        },
                                                                                        "surface": "ceiling",
                                                                                        "depth": 1,
                                                                                        "replaceable": "terralith:pillar_blocks",
                                                                                        "ground_state": {
                                                                                          "state": {
                                                                                            "Name": "minecraft:blackstone"
                                                                                          },
                                                                                          "type": "minecraft:simple_state_provider"
                                                                                        }
                                                                                      },
                                                                                      "type": "minecraft:vegetation_patch"
                                                                                    },
                                                                                    "decorator": {
                                                                                      "config": {
                                                                                        "surface": "ceiling",
                                                                                        "floor_to_ceiling_search_range": 128
                                                                                      },
                                                                                      "type": "minecraft:cave_surface"
                                                                                    }
                                                                                  },
                                                                                  "type": "minecraft:decorated"
                                                                                },
                                                                                "chance": 0.75
                                                                              }
                                                                            ],
                                                                            "default": {
                                                                              "config": {
                                                                                "body_provider": {
                                                                                  "state": {
                                                                                    "Name": "minecraft:blackstone"
                                                                                  },
                                                                                  "type": "minecraft:simple_state_provider"
                                                                                },
                                                                                "head_provider": {
                                                                                  "state": {
                                                                                    "Name": "minecraft:blackstone"
                                                                                  },
                                                                                  "type": "minecraft:simple_state_provider"
                                                                                },
                                                                                "allow_water": true,
                                                                                "height_distribution": [
                                                                                  {
                                                                                    "data": 1,
                                                                                    "weight": 1
                                                                                  }
                                                                                ],
                                                                                "direction": "up"
                                                                              },
                                                                              "type": "minecraft:growing_plant"
                                                                            }
                                                                          },
                                                                          "type": "minecraft:random_selector"
                                                                        },
                                                                        "surface": "floor",
                                                                        "depth": 1,
                                                                        "replaceable": "terralith:pillar_blocks",
                                                                        "ground_state": {
                                                                          "state": {
                                                                            "Name": "minecraft:blackstone"
                                                                          },
                                                                          "type": "minecraft:simple_state_provider"
                                                                        }
                                                                      },
                                                                      "type": "minecraft:vegetation_patch"
                                                                    },
                                                                    "decorator": {
                                                                      "config": {
                                                                        "surface": "floor",
                                                                        "floor_to_ceiling_search_range": 128
                                                                      },
                                                                      "type": "minecraft:cave_surface"
                                                                    }
                                                                  },
                                                                  "type": "minecraft:decorated"
                                                                },
                                                                "chance": 0.75
                                                              }
                                                            ],
                                                            "default": {
                                                              "config": {
                                                                "body_provider": {
                                                                  "state": {
                                                                    "Name": "minecraft:blackstone"
                                                                  },
                                                                  "type": "minecraft:simple_state_provider"
                                                                },
                                                                "head_provider": {
                                                                  "state": {
                                                                    "Name": "minecraft:blackstone"
                                                                  },
                                                                  "type": "minecraft:simple_state_provider"
                                                                },
                                                                "allow_water": true,
                                                                "height_distribution": [
                                                                  {
                                                                    "data": 5,
                                                                    "weight": 1
                                                                  }
                                                                ],
                                                                "direction": "down"
                                                              },
                                                              "type": "minecraft:growing_plant"
                                                            }
                                                          },
                                                          "type": "minecraft:random_selector"
                                                        },
                                                        "surface": "ceiling",
                                                        "depth": 1,
                                                        "replaceable": "terralith:pillar_blocks",
                                                        "ground_state": {
                                                          "state": {
                                                            "Name": "minecraft:blackstone"
                                                          },
                                                          "type": "minecraft:simple_state_provider"
                                                        }
                                                      },
                                                      "type": "minecraft:vegetation_patch"
                                                    },
                                                    "decorator": {
                                                      "config": {
                                                        "surface": "ceiling",
                                                        "floor_to_ceiling_search_range": 128
                                                      },
                                                      "type": "minecraft:cave_surface"
                                                    }
                                                  },
                                                  "type": "minecraft:decorated"
                                                },
                                                "chance": 0.75
                                              }
                                            ],
                                            "default": {
                                              "config": {
                                                "body_provider": {
                                                  "state": {
                                                    "Name": "minecraft:blackstone"
                                                  },
                                                  "type": "minecraft:simple_state_provider"
                                                },
                                                "head_provider": {
                                                  "state": {
                                                    "Name": "minecraft:blackstone"
                                                  },
                                                  "type": "minecraft:simple_state_provider"
                                                },
                                                "allow_water": true,
                                                "height_distribution": [
                                                  {
                                                    "data": 5,
                                                    "weight": 1
                                                  }
                                                ],
                                                "direction": "up"
                                              },
                                              "type": "minecraft:growing_plant"
                                            }
                                          },
                                          "type": "minecraft:random_selector"
                                        },
                                        "surface": "floor",
                                        "depth": 1,
                                        "replaceable": "terralith:pillar_blocks",
                                        "ground_state": {
                                          "state": {
                                            "Name": "minecraft:blackstone"
                                          },
                                          "type": "minecraft:simple_state_provider"
                                        }
                                      },
                                      "type": "minecraft:vegetation_patch"
                                    },
                                    "decorator": {
                                      "config": {
                                        "surface": "floor",
                                        "floor_to_ceiling_search_range": 128
                                      },
                                      "type": "minecraft:cave_surface"
                                    }
                                  },
                                  "type": "minecraft:decorated"
                                },
                                "chance": 0.75
                              }
                            ],
                            "default": {
                              "config": {
                                "body_provider": {
                                  "state": {
                                    "Name": "minecraft:blackstone"
                                  },
                                  "type": "minecraft:simple_state_provider"
                                },
                                "head_provider": {
                                  "state": {
                                    "Name": "minecraft:blackstone"
                                  },
                                  "type": "minecraft:simple_state_provider"
                                },
                                "allow_water": true,
                                "height_distribution": [
                                  {
                                    "data": 10,
                                    "weight": 1
                                  }
                                ],
                                "direction": "down"
                              },
                              "type": "minecraft:growing_plant"
                            }
                          },
                          "type": "minecraft:random_selector"
                        },
                        "surface": "ceiling",
                        "depth": 1,
                        "replaceable": "terralith:pillar_blocks",
                        "ground_state": {
                          "state": {
                            "Name": "minecraft:blackstone"
                          },
                          "type": "minecraft:simple_state_provider"
                        }
                      },
                      "type": "minecraft:vegetation_patch"
                    },
                    "decorator": {
                      "config": {
                        "surface": "ceiling",
                        "floor_to_ceiling_search_range": 128
                      },
                      "type": "minecraft:cave_surface"
                    }
                  },
                  "type": "minecraft:decorated"
                },
                "chance": 0.75
              }
            ],
            "default": {
              "config": {
                "body_provider": {
                  "state": {
                    "Name": "minecraft:blackstone"
                  },
                  "type": "minecraft:simple_state_provider"
                },
                "head_provider": {
                  "state": {
                    "Name": "minecraft:blackstone"
                  },
                  "type": "minecraft:simple_state_provider"
                },
                "allow_water": true,
                "height_distribution": [
                  {
                    "data": 10,
                    "weight": 1
                  }
                ],
                "direction": "up"
              },
              "type": "minecraft:growing_plant"
            }
          },
          "type": "minecraft:random_selector"
        },
        "surface": "floor",
        "depth": 1,
        "replaceable": "terralith:pillar_blocks",
        "ground_state": {
          "state": {
            "Name": "minecraft:blackstone"
          },
          "type": "minecraft:simple_state_provider"
        }
      },
      "type": "minecraft:vegetation_patch"
    },
    "decorator": {
      "config": {
        "surface": "floor",
        "floor_to_ceiling_search_range": 128
      },
      "type": "minecraft:cave_surface"
    }
  },
  "type": "minecraft:decorated"
}
