{
  "type": "minecraft:decorated",
  "config": {
    "decorator": {
      "type": "minecraft:count_extra",
      "config": {
        "count": 192,
        "extra_count": 0,
        "extra_chance": 1
      }
    },
    "feature": {
      "type": "minecraft:decorated",
      "config": {
        "decorator": {
          "type": "minecraft:decorated",
          "config": {
            "outer": {
              "type": "minecraft:decorated",
              "config": {
                "outer": {
                  "type": "minecraft:square",
                  "config": {}
                },
                "inner": {
                  "type": "minecraft:count_noise_biased",
                  "config": {
                    "noise_to_count_ratio": 1,
                    "noise_factor": 141,
                    "noise_offset": 1
                  }
                }
              }
            },
            "inner": {
              "type": "minecraft:range",
              "config": {
                "height": {
                  "type": "minecraft:trapezoid",
                  "min_inclusive": {
                    "absolute": 90
                  },
                  "max_inclusive": {
                    "absolute": 94
                  },
                  "plateau": 0
                }
              }
            }
          }
        },
        "feature": {
          "type": "minecraft:geode",
          "config": {
            "blocks": {
              "filling_provider": {
                "type": "minecraft:simple_state_provider",
                "state": {
                  "Name": "minecraft:red_terracotta"
                }
              },
              "inner_layer_provider": {
                "type": "minecraft:simple_state_provider",
                "state": {
                  "Name": "minecraft:red_terracotta"
                }
              },
              "alternate_inner_layer_provider": {
                "type": "minecraft:simple_state_provider",
                "state": {
                  "Name": "minecraft:red_terracotta"
                }
              },
              "middle_layer_provider": {
                "type": "minecraft:simple_state_provider",
                "state": {
                  "Name": "minecraft:red_terracotta"
                }
              },
              "outer_layer_provider": {
                "type": "minecraft:simple_state_provider",
                "state": {
                  "Name": "minecraft:red_terracotta"
                }
              },
              "inner_placements": [
                {
                  "Name": "minecraft:red_terracotta"
                }
              ],
              "cannot_replace": "terralith:anti_salt",
              "invalid_blocks": "terralith:anti_salt"
            },
            "layers": {
              "filling": 0.5,
              "inner_layer": 1.1,
              "middle_layer": 1.5,
              "outer_layer": 2
            },
            "crack": {
              "generate_crack_chance": 0,
              "base_crack_size": 0,
              "crack_point_offset": 0
            },
            "noise_multiplier": 0.001,
            "use_potential_placements_chance": 0.01,
            "use_alternate_layer0_chance": 0.01,
            "placements_require_layer0_alternate": false,
            "outer_wall_distance": 3,
            "distribution_points": 2,
            "point_offset": 2,
            "min_gen_offset": -5,
            "max_gen_offset": 5,
            "invalid_blocks_threshold": 1
          }
        }
      }
    }
  }
}
