{
  "scale": 0.1,
  "effects": {
    "mood_sound": {
      "sound": "minecraft:ambient.cave",
      "tick_delay": 6000,
      "block_search_extent": 8,
      "offset": 2.0
    },
    "sky_color": 13551359, //7842047
    "fog_color": 12638463,
    "foliage_color":13150207,
    "grass_color":7394436,
    "water_color": 4445678,
    "water_fog_color": 329011
  },
  "surface_builder": "minecraft:swamp",
  "carvers": {
    "air": [
      "terralith:noodle_ravine",
      "terralith:flat_cave",
      "terralith:tall_cave",
      "minecraft:prototype_cave",
     "minecraft:prototype_canyon",
"terralith:big_cave_entrance"    ]
  },
  "features": [
    [],
    [
      "minecraft:lake_water",
      "minecraft:lake_lava"
    ],
    [],
    [
      "minecraft:amethyst_geode",
      "minecraft:monster_room"
    ],
    [],
    [
      "terralith:jungle/violet/beach_lesser",
      "terralith:jungle/violet/beach_moss"
    ],
    [ 
      "minecraft:prototype_ore_dirt",
      "minecraft:prototype_ore_gravel",
      "minecraft:prototype_ore_granite",
      "minecraft:prototype_ore_diorite",
      "minecraft:prototype_ore_andesite",
      "minecraft:prototype_ore_tuff",
      "minecraft:prototype_ore_coal_upper",
      "minecraft:prototype_ore_coal_lower",
      "minecraft:prototype_ore_iron_upper",
      "minecraft:prototype_ore_iron_middle",
      "minecraft:prototype_ore_iron_small",
      "minecraft:prototype_ore_gold",
      "minecraft:prototype_ore_redstone",
      "minecraft:prototype_ore_redstone_lower",
      "minecraft:prototype_ore_diamond",
      "minecraft:prototype_ore_diamond_large",
      "minecraft:prototype_ore_lapis",
      "minecraft:prototype_ore_lapis_buried",
      "minecraft:prototype_ore_copper",
      "minecraft:prototype_underwater_magma"
    ],
    [],
    [
      
      "terralith:jungle/violet/amethysts",
      "terralith:jungle/violet/amethysts",
      "terralith:coastal/magma",
      "terralith:coastal/corals",
      "terralith:jungle/violet/trees",
      "terralith:jungle/violet/trees",
      "terralith:jungle/violet/flowers",
      "terralith:coastal/patch_grass_jungle",
      "terralith:coastal/remove_grass",
      "minecraft:brown_mushroom_normal",
      "minecraft:red_mushroom_normal",
      "minecraft:seagrass_warm",
      "minecraft:patch_sugar_cane",
      "minecraft:patch_pumpkin",
      "minecraft:prototype_glow_lichen",
"minecraft:prototype_spring_water",
      "minecraft:prototype_spring_lava",
      "minecraft:patch_melon",
      "minecraft:vines",
      "terralith:jungle/violet/amethyst_patch_lesser"
    ],
    [
      "minecraft:freeze_top_layer",
      "terralith:cave/lush/lush_caves_ceiling_vegetation",
      "terralith:cave/lush/cave_vines",
      "terralith:cave/lush/lush_caves_clay",
      "terralith:cave/lush/lush_caves_vegetation",
      "terralith:cave/lush/rooted_azalea_trees",
      "terralith:cave/lush/spore_blossom",
      "terralith:cave/lush/classic_vines_cave_feature",
      "terralith:cave/dripstone/large_dripstone",
      "terralith:cave/dripstone/dripstone_cluster",
      "terralith:cave/dripstone/small_dripstone",
      "terralith:cave/thermal/ceiling_lower",
      "terralith:cave/thermal/ceiling_upper",
      "terralith:cave/thermal/ceiling_lower_small",
      "terralith:cave/thermal/ceiling_upper_small",
      "terralith:cave/thermal/pools",
      "terralith:cave/thermal/pools_carver",
      "terralith:cave/thermal/ceiling_carver",
      "terralith:cave/thermal/magma2",
      "terralith:cave/thermal/springs",
      "terralith:cave/desert/ceiling",
      "terralith:cave/desert/surface",
      "terralith:cave/desert/cracks",
      "terralith:cave/desert/lava",
      "terralith:cave/desert/dead_bush"
    ]
  ],
  "starts": [
    "minecraft:jungle_pyramid",
    "minecraft:mineshaft",
    "minecraft:stronghold",
    "minecraft:ruined_portal_jungle"
  ],
  "spawners": {
    "monster": [
      {
        "type": "minecraft:spider",
        "weight": 100,
        "minCount": 4,
        "maxCount": 4
      },
      {
        "type": "minecraft:zombie",
        "weight": 95,
        "minCount": 4,
        "maxCount": 4
      },
      {
        "type": "minecraft:zombie_villager",
        "weight": 5,
        "minCount": 1,
        "maxCount": 1
      },
      {
        "type": "minecraft:skeleton",
        "weight": 100,
        "minCount": 4,
        "maxCount": 4
      },
      {
        "type": "minecraft:creeper",
        "weight": 100,
        "minCount": 4,
        "maxCount": 4
      },
      {
        "type": "minecraft:slime",
        "weight": 100,
        "minCount": 4,
        "maxCount": 4
      },
      {
        "type": "minecraft:enderman",
        "weight": 10,
        "minCount": 1,
        "maxCount": 4
      },
      {
        "type": "minecraft:witch",
        "weight": 5,
        "minCount": 1,
        "maxCount": 1
      },
      {
        "type": "minecraft:ocelot",
        "weight": 2,
        "minCount": 1,
        "maxCount": 1
      }
    ],
    "creature": [
      {
        "type": "minecraft:sheep",
        "weight": 12,
        "minCount": 4,
        "maxCount": 4
      },
      {
        "type": "minecraft:pig",
        "weight": 10,
        "minCount": 4,
        "maxCount": 4
      },
      {
        "type": "minecraft:chicken",
        "weight": 10,
        "minCount": 4,
        "maxCount": 4
      },
      {
        "type": "minecraft:cow",
        "weight": 8,
        "minCount": 4,
        "maxCount": 4
      },
      {
        "type": "minecraft:chicken",
        "weight": 10,
        "minCount": 4,
        "maxCount": 4
      },
      {
        "type": "minecraft:parrot",
        "weight": 10,
        "minCount": 1,
        "maxCount": 1
      },
      {
        "type": "minecraft:panda",
        "weight": 1,
        "minCount": 1,
        "maxCount": 2
      }
    ],
    "ambient": [
      {
        "type": "minecraft:bat",
        "weight": 10,
        "minCount": 8,
        "maxCount": 8
      }
    ],
    "water_creature": [],
    "water_ambient": [],
    "misc": [],
    "underground_water_creature": [
      {
        "type": "minecraft:glow_squid",
        "weight": 10,
        "minCount": 4,
        "maxCount": 6
      },
      {
        "type": "minecraft:axolotl",
        "weight": 10,
        "minCount": 4,
        "maxCount": 6
      }
    ]
  },
  "spawn_costs": {},
  "player_spawn_friendly": true,
  "precipitation": "rain",
  "temperature": 0.95,
  "downfall": 0.9,
  "category": "jungle",
  "depth": -0.085
}