{
  "type": "minecraft:decorated",
  "config": {
    "decorator": {
      "type": "minecraft:chance",
      "config": {
        "chance": 7
      }
    },
    "feature": {
      "type": "minecraft:decorated",
      "config": {
        "decorator": {
          "type": "minecraft:square",
          "config": {}
        },
        "feature": {
          "type": "minecraft:tree",
          "config": {
            "ignore_vines": false,
            "force_dirt": true,
            "minimum_size": {
              "type": "minecraft:two_layers_feature_size",
              "min_clipped_height": 1,
              "limit": 0,
              "lower_size": 1
            },
            "sapling_provider": {
                      "type": "minecraft:simple_state_provider",
                      "state": {
                        "Name": "minecraft:oak_sapling",
                        "Properties": {
                          "stage": "0"
                        }
                      }
                    },"dirt_provider": {
              "type": "minecraft:simple_state_provider",
              "state": {
                "Name": "minecraft:dirt"
              }
            },
            "trunk_provider": {
              "type": "minecraft:weighted_state_provider",
              "entries": [
                {
                  "weight": 1,
                  "data": {
                    "Name": "minecraft:oak_wood",
                    "Properties": {
                      "axis": "y"
                    }
                  }
                }
              ]
            },
            "foliage_provider": {
              "type": "minecraft:simple_state_provider",
              "state": {
                "Name": "minecraft:oak_leaves",
                "Properties": {
                  "distance": "7",
                  "persistent": "false"
                }
              }
            },
            "trunk_placer": {
              "type": "minecraft:fancy_trunk_placer",
              "base_height": 4,
              "height_rand_a": 9,
              "height_rand_b": 9
            },
            "foliage_placer": {
              "type": "minecraft:acacia_foliage_placer",
              "radius": 0,
              "offset": 0
            },
            "decorators": []
          }
        }
      }
    }
  }
}